UniqueID,Location,Sample,Year,Collection_Date,Species_of_top_BLAST_hit,Species2,SturgeonCTU,Accession,match,E_value
SCOI001,NA,NA,2011,26-May,Catostomus commersonii,Catostomus commersonii,198.1222917,NA,>_99%,NA
SCOI002,NA,NA,2011,26-May,Catostomus commersonii,Catostomus commersonii,198.1222917,NA,>_99%,NA
SCOI003,NA,NA,2011,26-May,Catostomus commersonii,Catostomus commersonii,198.1222917,NA,>_99%,NA
SCOI004,NA,NA,2011,26-May,Catostomus commersonii,Catostomus commersonii,198.1222917,NA,>_99%,NA
SCOI005,NA,NA,2011,26-May,Catostomus commersonii,Catostomus commersonii,198.1222917,NA,>_99%,NA
SCOI006,NA,NA,2011,26-May,Catostomus commersonii,Catostomus commersonii,198.1222917,NA,>_99%,NA
SCOI007,NA,NA,2011,26-May,Catostomus commersonii,Catostomus commersonii,198.1222917,NA,>_99%,NA
SCOI008,NA,NA,2011,26-May,Catostomus commersonii,Catostomus commersonii,198.1222917,NA,>_99%,NA
SCOI009,NA,NA,2011,26-May,Catostomus commersonii,Catostomus commersonii,198.1222917,NA,>_99%,NA
SCOI010,NA,NA,2011,26-May,Catostomus commersonii,Catostomus commersonii,198.1222917,NA,>_99%,NA
SCOI011,NA,NA,2011,26-May,Catostomus commersonii,Catostomus commersonii,198.1222917,NA,>_99%,NA
SCOI012,NA,NA,2011,26-May,Catostomus commersonii,Catostomus commersonii,198.1222917,NA,>_99%,NA
SCOI013,NA,NA,2011,26-May,Catostomus commersonii,Catostomus commersonii,198.1222917,NA,>_99%,NA
SCOI014,NA,NA,2011,26-May,Catostomus commersonii,Catostomus commersonii,198.1222917,NA,>_99%,NA
SCOI015,NA,NA,2011,26-May,Catostomus commersonii,Catostomus commersonii,198.1222917,NA,>_99%,NA
SCOI016,NA,NA,2011,26-May,Catostomus commersonii,Catostomus commersonii,198.1222917,NA,>_99%,NA
SCOI017,NA,NA,2011,26-May,Catostomus commersonii,Catostomus commersonii,198.1222917,NA,>_99%,NA
SCOI018,NA,NA,2011,26-May,Catostomus commersonii,Catostomus commersonii,198.1222917,NA,>_99%,NA
SCOI019,NA,NA,2011,26-May,Catostomus commersonii,Catostomus commersonii,198.1222917,NA,>_99%,NA
SCOI020,NA,NA,2011,26-May,Catostomus commersonii,Catostomus commersonii,198.1222917,NA,>_99%,NA
SCOI040,NA,NA,2011,7-Jun,Catostomus commersonii,Catostomus commersonii,345.267375,NA,>_99%,NA
SCOI061,NA,NA,2012,9-May,Catostomus commersonii,Catostomus commersonii,58.6718333,NA,NA,NA
SCOI062,NA,NA,2012,9-May,Catostomus commersonii,Catostomus commersonii,58.6718333,NA,NA,NA
SCOI063,NA,NA,2012,9-May,Catostomus commersonii,Catostomus commersonii,58.6718333,NA,NA,NA
SCOI064,NA,NA,2012,9-May,Catostomus commersonii,Catostomus commersonii,58.6718333,NA,NA,NA
SCOI065,NA,NA,2012,9-May,Catostomus commersonii,Catostomus commersonii,58.6718333,NA,NA,NA
SCOI066,NA,NA,2012,9-May,Catostomus commersonii,Catostomus commersonii,58.6718333,NA,NA,NA
SCOI067,NA,NA,2012,9-May,Catostomus commersonii,Catostomus commersonii,58.6718333,NA,NA,NA
SCOI068,NA,NA,2012,9-May,Catostomus commersonii,Catostomus commersonii,58.6718333,NA,NA,NA
SCOI069,NA,NA,2012,9-May,Catostomus commersonii,Catostomus commersonii,58.6718333,NA,NA,NA
SCOI071,NA,NA,2012,13-May,Catostomus commersonii,Catostomus commersonii,92.8901667,NA,NA,NA
SCOI072,NA,NA,2012,13-May,Catostomus commersonii,Catostomus commersonii,92.8901667,NA,NA,NA
SCOI073,NA,NA,2012,13-May,Catostomus commersonii,Catostomus commersonii,92.8901667,NA,NA,NA
SCOI074,NA,NA,2012,13-May,Catostomus commersonii,Catostomus commersonii,92.8901667,NA,NA,NA
SCOI075,NA,NA,2012,13-May,Catostomus commersonii,Catostomus commersonii,92.8901667,NA,NA,NA
SCOI076,NA,NA,2012,13-May,Catostomus commersonii,Catostomus commersonii,92.8901667,NA,NA,NA
SCOI077,NA,NA,2012,13-May,Catostomus commersonii,Catostomus commersonii,92.8901667,NA,NA,NA
SCOI078,NA,NA,2012,15-May,Catostomus commersonii,Catostomus commersonii,114.496125,NA,NA,NA
SCOI079,NA,NA,2012,15-May,Catostomus commersonii,Catostomus commersonii,114.496125,NA,NA,NA
SCOI080,NA,NA,2012,15-May,Catostomus commersonii,Catostomus commersonii,114.496125,NA,NA,NA
SCOI081,NA,NA,2012,15-May,Catostomus commersonii,Catostomus commersonii,114.496125,NA,NA,NA
SCOI082,NA,NA,2012,15-May,Catostomus commersonii,Catostomus commersonii,114.496125,NA,NA,NA
SCOI083,NA,NA,2012,15-May,Catostomus commersonii,Catostomus commersonii,114.496125,NA,NA,NA
SCOI084,NA,NA,2012,15-May,Catostomus commersonii,Catostomus commersonii,114.496125,NA,NA,NA
SCOI085,NA,NA,2012,15-May,Catostomus commersonii,Catostomus commersonii,114.496125,NA,NA,NA
SCOI134,KTS-448,5/19/13-9,2013,19-May,Catostomus commersonii,Catostomus commersonii,154.5397083,JN024913,100,0
SCOI135,Plate_1-_E01,5/19/13-11,2013,19-May,Catostomus commersonii,Catostomus commersonii,154.5397083,JN024913,100,0
SCOI136,Plate_1-H01_,5/20/13-18,2013,20-May,Catostomus commersonii,Catostomus commersonii,165.527375,EU524476,100,0
SCOI137,KTS-449,5/20/13-19,2013,20-May,Catostomus commersonii,Catostomus commersonii,165.527375,EU524476,99,0
SCOI138,Plate_1-_A02,5/20/13-20,2013,20-May,Catostomus commersonii,Catostomus commersonii,165.527375,EU524476,100,0
SCOI139,KTS-450,5/20/13-21,2013,20-May,Catostomus commersonii,Catostomus commersonii,165.527375,EU524476,100,0
SCOI140,Plate_1-_B02,5/20/13-22,2013,20-May,Catostomus commersonii,Catostomus commersonii,165.527375,EU524476,100,0
SCOI141,Plate_1-_C02,5/20/13-23,2013,20-May,Catostomus commersonii,Catostomus commersonii,165.527375,EU524476,100,0
SCOI142,Plate_1-_D02,5/20/13-24,2013,20-May,Catostomus commersonii,Catostomus commersonii,165.527375,EU524476,100,0
SCOI143,Plate_1-_E02,5/20/13-25,2013,20-May,Catostomus commersonii,Catostomus commersonii,165.527375,EU524476,100,0
SCOI144,Plate_1-_C03,5/30/13-16,2013,30-May,Catostomus commersonii,Catostomus commersonii,255.5989583,JN024913,99,0
SCOI145,Plate_1-_D03,5/30/13-17,2013,30-May,Catostomus commersonii,Catostomus commersonii,255.5989583,JN024913,100,0
SCOI157,Plate_1-H04_,6/8/13-11,2013,8-Jun,Catostomus commersonii,Catostomus commersonii,358.9996667,JN024913,100,0
SCOI201,Plate_1-G11,5/27/14-1,2014,27-May,Catostomus commersonii,Catostomus commersonii,158.6964792,EU524476,100,0
SCOI202,Plate_1-H11,5/27/14-2,2014,27-May,Catostomus commersonii,Catostomus commersonii,158.6964792,EU524476,100,0
SCOI203,Plate_1-_A12,5/27/14-3,2014,27-May,Catostomus commersonii,Catostomus commersonii,158.6964792,EU524476,100,0
SCOI204,Plate_1-_B12,5/28/14-1,2014,28-May,Catostomus commersonii,Catostomus commersonii,172.6027708,EU524476,99,0
SCOI205,Plate_1-_C12,5/28/14-2,2014,28-May,Catostomus commersonii,Catostomus commersonii,172.6027708,EU524484,100,0
SCOI206,Plate_1-_D12,5/28/14-3,2014,28-May,Catostomus commersonii,Catostomus commersonii,172.6027708,EU524476,100,0
SCOI207,Plate_1-_E12,5/28/14-4,2014,28-May,Catostomus commersonii,Catostomus commersonii,172.6027708,EU524476,100,0
SCOI208,Plate_1-_F12,5/28/14-5,2014,28-May,Catostomus commersonii,Catostomus commersonii,172.6027708,EU524476,100,0
SCOI209,Plate_1-G12,5/28/14-6,2014,28-May,Catostomus commersonii,Catostomus commersonii,172.6027708,EU524476,100,0
SCOI210,Plate_2-_A01,5/28/14-7,2014,28-May,Catostomus commersonii,Catostomus commersonii,172.6027708,EU524476,100,0
SCOI211,Plate_2-_B01,5/28/14-8,2014,28-May,Catostomus commersonii,Catostomus commersonii,172.6027708,EU524476,100,0
SCOI212,Plate_2-_C01,5/29/14-1,2014,29-May,Catostomus commersonii,Catostomus commersonii,187.101,EU524484,100,0
SCOI213,Plate_2-_D01,5/29/14-2,2014,29-May,Catostomus commersonii,Catostomus commersonii,187.101,EU524476,100,0
SCOI214,Plate_2-_E01,5/29/14-3,2014,29-May,Catostomus commersonii,Catostomus commersonii,187.101,EU524476,100,0
SCOI215,Plate_2-_F01,5/29/14-4,2014,29-May,Catostomus commersonii,Catostomus commersonii,187.101,JN024913,100,0
SCOI216,Plate_2-_G01,5/29/14-5,2014,29-May,Catostomus commersonii,Catostomus commersonii,187.101,EU524476,100,0
SCOI217,Plate_2-H01_,5/29/14-6,2014,29-May,Catostomus commersonii,Catostomus commersonii,187.101,EU524476,100,0
SCOI218,Plate_2-_A02,5/29/14-7,2014,29-May,Catostomus commersonii,Catostomus commersonii,187.101,JN024913,99,0
SCOI219,Plate_2-_B02,5/29/14-8,2014,29-May,Catostomus commersonii,Catostomus commersonii,187.101,EU524476,100,0
SCOI220,Plate_2-_C02,5/29/14-9,2014,29-May,Catostomus commersonii,Catostomus commersonii,187.101,JN024913,100,0
SCOI221,Plate_2-_D02,5/29/14-10,2014,29-May,Catostomus commersonii,Catostomus commersonii,187.101,EU524484,100,0
SCOI222,Plate_2-_E02,5/29/14-11,2014,29-May,Catostomus commersonii,Catostomus commersonii,187.101,EU524476,100,0
SCOI223,Plate_2-_F02,5/29/14-12,2014,29-May,Catostomus commersonii,Catostomus commersonii,187.101,JN024913,99,0
SCOI224,Plate_2-_G02,5/29/14-13,2014,29-May,Catostomus commersonii,Catostomus commersonii,187.101,EU524476,100,0
SCOI225,Plate_2-H02_,5/29/14-14,2014,29-May,Catostomus commersonii,Catostomus commersonii,187.101,EU524476,100,0
SCOI226,Plate_2-_A03,5/29/14-15,2014,29-May,Catostomus commersonii,Catostomus commersonii,187.101,EU524476,100,0
SCOI227,Plate_2-_B03,5/30/14-1,2014,30-May,Catostomus commersonii,Catostomus commersonii,201.9757708,JN024913,99,0
SCOI228,Plate_2-_C03,5/30/14-2,2014,30-May,Catostomus commersonii,Catostomus commersonii,201.9757708,EU524476,99,0
SCOI229,Plate_2-_D03,5/30/14-3,2014,30-May,Catostomus commersonii,Catostomus commersonii,201.9757708,JN024913,99,0
SCOI230,Plate_2-_E03,5/30/14-4,2014,30-May,Catostomus commersonii,Catostomus commersonii,201.9757708,EU524476,100,0
SCOI231,Plate_2-_F03,5/31/14-1,2014,31-May,Catostomus commersonii,Catostomus commersonii,217.8816667,EU524476,100,0
SCOI300,1-A01,A1,2015,18-May,Catostomus commersonii,Catostomus commersonii,150.6075833,KP013114,99,0
SCOI301,1-B01,A2,2015,18-May,Catostomus commersonii,Catostomus commersonii,150.6075833,__EU524476,100,0
SCOI302,1-C01,A3,2015,18-May,Catostomus commersonii,Catostomus commersonii,150.6075833,JN024913,100,0
SCOI303,1-D01,A4,2015,18-May,Catostomus commersonii,Catostomus commersonii,150.6075833,__EU524476,100,0
SCOI304,1-E01,A5,2015,18-May,Catostomus commersonii,Catostomus commersonii,150.6075833,__EU524476,100,0
SCOI305,1-F01,A6,2015,18-May,Catostomus commersonii,Catostomus commersonii,150.6075833,__EU524476,100,0
SCOI306,1-G01,A7,2015,18-May,Catostomus commersonii,Catostomus commersonii,150.6075833,__EU524476,100,0
SCOI307,1-H01,A9,2015,18-May,Catostomus commersonii,Catostomus commersonii,150.6075833,__EU524476,100,0
SCOI308,1-A02,A10,2015,18-May,Catostomus commersonii,Catostomus commersonii,150.6075833,KP013114,100,0
SCOI309,1-B02,A11,2015,18-May,Catostomus commersonii,Catostomus commersonii,150.6075833,__EU524476,99,0
SCOI310,1-C02,A12,2015,18-May,Catostomus commersonii,Catostomus commersonii,150.6075833,JN024913,100,0
SCOI311,1-D02,A13,2015,18-May,Catostomus commersonii,Catostomus commersonii,150.6075833,KP013114,100,0
SCOI312,1-E02,A14,2015,18-May,Catostomus commersonii,Catostomus commersonii,150.6075833,__EU524476,100,0
SCOI313,1-F02,A15,2015,18-May,Catostomus commersonii,Catostomus commersonii,150.6075833,__EU524476,100,0
SCOI314,1-G02,A16,2015,18-May,Catostomus commersonii,Catostomus commersonii,150.6075833,JN024913,100,0
SCOI315,1-H02,A17,2015,18-May,Catostomus commersonii,Catostomus commersonii,150.6075833,JN024913,100,0
SCOI316,1-A03,A18,2015,18-May,Catostomus commersonii,Catostomus commersonii,150.6075833,__EU524476,100,0
SCOI317,1-B03,A19,2015,18-May,Catostomus commersonii,Catostomus commersonii,150.6075833,KP013114,100,0
SCOI318,1-C03,A20,2015,18-May,Catostomus commersonii,Catostomus commersonii,150.6075833,__EU524476,100,0
SCOI319,1-D03,A21,2015,18-May,Catostomus commersonii,Catostomus commersonii,150.6075833,__EU524476,100,0
SCOI320,1-E03,A22,2015,18-May,Catostomus commersonii,Catostomus commersonii,150.6075833,__EU524476,100,0
SCOI321,1-F03,A23,2015,18-May,Catostomus commersonii,Catostomus commersonii,150.6075833,JN024913,100,0
SCOI322,1-G03,A24,2015,18-May,Catostomus commersonii,Catostomus commersonii,150.6075833,KP013114,99,0
SCOI323,1-H03,B1,2015,19-May,Catostomus commersonii,Catostomus commersonii,160.1612917,__EU524476,100,0
SCOI324,1-A04,B2,2015,19-May,Catostomus commersonii,Catostomus commersonii,160.1612917,__EU524476,100,0
SCOI325,1-B04,B3,2015,19-May,Catostomus commersonii,Catostomus commersonii,160.1612917,__EU524476,100,0
SCOI326,1-C04,B4,2015,19-May,Catostomus commersonii,Catostomus commersonii,160.1612917,KP013114,100,0
SCOI327,1-D04,B5,2015,19-May,Catostomus commersonii,Catostomus commersonii,160.1612917,JN024913,100,0
SCOI328,1-E04,B7,2015,19-May,Catostomus commersonii,Catostomus commersonii,160.1612917,__EU524476,100,0
SCOI329,1-F04,B8,2015,19-May,Catostomus commersonii,Catostomus commersonii,160.1612917,__EU524476,100,0
SCOI330,1-G04,B9,2015,19-May,Catostomus commersonii,Catostomus commersonii,160.1612917,__EU524476,100,0
SCOI331,1-H04,B10,2015,19-May,Catostomus commersonii,Catostomus commersonii,160.1612917,__EU524476,100,0
SCOI332,1-A05,C1,2015,20-May,Catostomus commersonii,Catostomus commersonii,169.1250417,JN024913,100,0
SCOI333,1-B05,C2,2015,20-May,Catostomus commersonii,Catostomus commersonii,169.1250417,__EU524476,100,0
SCOI334,1-C05,C3,2015,20-May,Catostomus commersonii,Catostomus commersonii,169.1250417,JN024913,100,0
SCOI335,1-D05,C4,2015,20-May,Catostomus commersonii,Catostomus commersonii,169.1250417,JN024913,100,0
SCOI336,1-E05,C5,2015,20-May,Catostomus commersonii,Catostomus commersonii,169.1250417,__EU524476,100,0
SCOI337,1-F05,C6,2015,20-May,Catostomus commersonii,Catostomus commersonii,169.1250417,__EU524476,100,0
SCOI338,1-G05,C7,2015,20-May,Catostomus commersonii,Catostomus commersonii,169.1250417,__EU524476,100,0
SCOI339,1-H05,C8,2015,20-May,Catostomus commersonii,Catostomus commersonii,169.1250417,KP013114,100,0
SCOI340,1-A06,C9,2015,20-May,Catostomus commersonii,Catostomus commersonii,169.1250417,JN024913,100,0
SCOI341,1-B06,C10,2015,20-May,Catostomus commersonii,Catostomus commersonii,169.1250417,__EU524476,100,0
SCOI342,1-C06,C12,2015,20-May,Catostomus commersonii,Catostomus commersonii,169.1250417,__EU524476,100,0
SCOI343,1-D06,C13,2015,20-May,Catostomus commersonii,Catostomus commersonii,169.1250417,__EU524476,100,0
SCOI344,1-E06,C16,2015,20-May,Catostomus commersonii,Catostomus commersonii,169.1250417,JN024913,99,0
SCOI345,1-F06,C17,2015,20-May,Catostomus commersonii,Catostomus commersonii,169.1250417,__EU524476,100,0
SCOI346,1-G06,C18,2015,20-May,Catostomus commersonii,Catostomus commersonii,169.1250417,KP013114,100,0
SCOI347,1-H06,C20,2015,20-May,Catostomus commersonii,Catostomus commersonii,169.1250417,__EU524476,100,0
SCOI348,1-A07,C22,2015,20-May,Catostomus commersonii,Catostomus commersonii,169.1250417,__EU524476,100,0
SCOI349,1-B07,C24,2015,20-May,Catostomus commersonii,Catostomus commersonii,169.1250417,__EU524476,100,0
SCOI350,1-C07,C25,2015,20-May,Catostomus commersonii,Catostomus commersonii,169.1250417,JN024913,100,0
SCOI351,1-D07,C26,2015,20-May,Catostomus commersonii,Catostomus commersonii,169.1250417,KP013114,99,0
SCOI352,1-E07,C27,2015,20-May,Catostomus commersonii,Catostomus commersonii,169.1250417,__EU524476,100,0
SCOI353,1-F07,C28,2015,20-May,Catostomus commersonii,Catostomus commersonii,169.1250417,__EU524476,100,0
SCOI354,1-G07,C29,2015,20-May,Catostomus commersonii,Catostomus commersonii,169.1250417,KP013114,100,0
SCOI355,1-H07,C31,2015,20-May,Catostomus commersonii,Catostomus commersonii,169.1250417,__EU524476,100,0
SCOI356,1-A08,C32,2015,20-May,Catostomus commersonii,Catostomus commersonii,169.1250417,__EU524476,100,0
SCOI357,1-B08,C33,2015,20-May,Catostomus commersonii,Catostomus commersonii,169.1250417,__EU524476,100,0
SCOI358,1-C08,C35,2015,20-May,Catostomus commersonii,Catostomus commersonii,169.1250417,JN024913,99,0
SCOI359,1-D08,C36,2015,20-May,Catostomus commersonii,Catostomus commersonii,169.1250417,__EU524476,100,0
SCOI360,1-E08,C37,2015,20-May,Catostomus commersonii,Catostomus commersonii,169.1250417,__EU524476,100,0
SCOI361,1-F08,C38,2015,20-May,Catostomus commersonii,Catostomus commersonii,169.1250417,__EU524476,100,0
SCOI362,1-G08,C39,2015,20-May,Catostomus commersonii,Catostomus commersonii,169.1250417,__EU524476,100,0
SCOI363,1-H08,C40,2015,20-May,Catostomus commersonii,Catostomus commersonii,169.1250417,__EU524476,100,0
SCOI364,1-A09,C42,2015,20-May,Catostomus commersonii,Catostomus commersonii,169.1250417,__EU524476,100,0
SCOI365,1-B09,C43,2015,20-May,Catostomus commersonii,Catostomus commersonii,169.1250417,__EU524476,100,0
SCOI366,1-C09,C44,2015,20-May,Catostomus commersonii,Catostomus commersonii,169.1250417,KP013114,100,0
SCOI367,1-D09,C45,2015,20-May,Catostomus commersonii,Catostomus commersonii,169.1250417,KP013114,100,0
SCOI368,1-E09,C48,2015,20-May,Catostomus commersonii,Catostomus commersonii,169.1250417,__EU524476,100,0
SCOI369,1-F09,C49,2015,20-May,Catostomus commersonii,Catostomus commersonii,169.1250417,KP013114,100,0
SCOI370,1-G09,C50,2015,20-May,Catostomus commersonii,Catostomus commersonii,169.1250417,__EU524476,100,0
SCOI371,1-H09,C51,2015,20-May,Catostomus commersonii,Catostomus commersonii,169.1250417,__EU524476,100,0
SCOI372,1-A10,C52,2015,20-May,Catostomus commersonii,Catostomus commersonii,169.1250417,__EU524476,100,0
SCOI373,1-B10,C53,2015,20-May,Catostomus commersonii,Catostomus commersonii,169.1250417,JN024913,99,0
SCOI374,1-C10,D1,2015,21-May,Catostomus commersonii,Catostomus commersonii,178.180875,__EU524476,100,0
SCOI375,1-D10,D2,2015,21-May,Catostomus commersonii,Catostomus commersonii,178.180875,JN024913,99,0
SCOI376,1-E10,D3,2015,21-May,Catostomus commersonii,Catostomus commersonii,178.180875,KP013114,100,0
SCOI377,1-F10,D4,2015,21-May,Catostomus commersonii,Catostomus commersonii,178.180875,JN024913,100,0
SCOI378,1-G10,D5,2015,21-May,Catostomus commersonii,Catostomus commersonii,178.180875,__EU524476,100,0
SCOI379,1-H10,D7,2015,21-May,Catostomus commersonii,Catostomus commersonii,178.180875,JN024913,99,0
SCOI380,1-A11,D8,2015,21-May,Catostomus commersonii,Catostomus commersonii,178.180875,__EU524476,100,0
SCOI381,1-B11,D9,2015,21-May,Catostomus commersonii,Catostomus commersonii,178.180875,__EU524476,100,0
SCOI382,1-C11,D10,2015,21-May,Catostomus commersonii,Catostomus commersonii,178.180875,__EU524476,100,0
SCOI383,1-D11,D11,2015,21-May,Catostomus commersonii,Catostomus commersonii,178.180875,JN024913,100,0
SCOI384,1-E11,D12,2015,21-May,Catostomus commersonii,Catostomus commersonii,178.180875,__EU524476,100,0
SCOI385,1-F11,E1,2015,22-May,Catostomus commersonii,Catostomus commersonii,187.0412917,KP013114,100,0
SCOI386,1-G11,E2,2015,22-May,Catostomus commersonii,Catostomus commersonii,187.0412917,__EU524476,100,0
SCOI387,1-H11,E3,2015,22-May,Catostomus commersonii,Catostomus commersonii,187.0412917,__EU524476,100,0
SCOI388,1-A12,E4,2015,22-May,Catostomus commersonii,Catostomus commersonii,187.0412917,JN024913,99,0
SCOI389,1-B12,E5,2015,22-May,Catostomus commersonii,Catostomus commersonii,187.0412917,__EU524476,100,0
SCOI390,1-C12,E7,2015,22-May,Catostomus commersonii,Catostomus commersonii,187.0412917,__EU524476,100,0
SCOI391,1-D12,F1,2015,23-May,Catostomus commersonii,Catostomus commersonii,196.0404583,__EU524476,100,0
SCOI392,2-A01,F3,2015,23-May,Catostomus commersonii,Catostomus commersonii,196.0404583,__EU524476,100,0
SCOI393,2-B01,G1,2015,24-May,Catostomus commersonii,Catostomus commersonii,327.5013333,EU524476,100,0
SCOI402,1-A01,BLS-16-2-1,2016,20-May,Catostomus commersonii,Catostomus commersonii,137.2206667,KR733378,100,0
SCOI403,1-B01,BLS-16-3-1,2016,22-May,Catostomus commersonii,Catostomus commersonii,158.4582083,KR733378,100,0
SCOI404,1-C01,BLS-16-3-2,2016,22-May,Catostomus commersonii,Catostomus commersonii,158.4582083,EU524476,100,0
SCOI405,1-D01,BLS-16-3-3,2016,22-May,Catostomus commersonii,Catostomus commersonii,158.4582083,EU524476,100,0
SCOI406,1-E01,BLS-16-3-4,2016,22-May,Catostomus commersonii,Catostomus commersonii,158.4582083,EU524476,100,0
SCOI407,1-F01,BLS-16-3-5,2016,22-May,Catostomus commersonii,Catostomus commersonii,158.4582083,KR733378,100,0
SCOI408,1-G01,BLS-16-3-7,2016,22-May,Catostomus commersonii,Catostomus commersonii,158.4582083,KR733385,100,0
SCOI409,1-H01,BLS-16-3-8,2016,22-May,Catostomus commersonii,Catostomus commersonii,158.4582083,EU524476,100,0
SCOI410,1-A02,BLS-16-3-9,2016,22-May,Catostomus commersonii,Catostomus commersonii,158.4582083,EU524476,100,0
SCOI411,1-B02,BLS-16-3-10,2016,22-May,Catostomus commersonii,Catostomus commersonii,158.4582083,KR733385,100,0
SCOI412,1-C02,BLS-16-3-11,2016,22-May,Catostomus commersonii,Catostomus commersonii,158.4582083,KR733378,100,0
SCOI413,1-D02,BLS-16-3-12,2016,22-May,Catostomus commersonii,Catostomus commersonii,158.4582083,EU524476,100,0
SCOI414,1-E02,BLS-16-3-14,2016,22-May,Catostomus commersonii,Catostomus commersonii,158.4582083,EU524476,100,0
SCOI415,1-F02,BLS-16-3-15,2016,22-May,Catostomus commersonii,Catostomus commersonii,158.4582083,KR733385,100,0
SCOI416,1-G02,BLS-16-3-16,2016,22-May,Catostomus commersonii,Catostomus commersonii,158.4582083,KR733378,100,0
SCOI417,1-H02,BLS-16-3-17,2016,22-May,Catostomus commersonii,Catostomus commersonii,158.4582083,EU524476,100,0
SCOI418,1-A03,BLS-16-3-18,2016,22-May,Catostomus commersonii,Catostomus commersonii,158.4582083,EU524476,100,0
SCOI419,1-B03,BLS-16-3-19,2016,22-May,Catostomus commersonii,Catostomus commersonii,158.4582083,EU524476,100,0
SCOI420,1-C03,BLS-16-3-20,2016,22-May,Catostomus commersonii,Catostomus commersonii,158.4582083,EU524476,99,0
SCOI421,1-D03,BLS-16-3-21,2016,22-May,Catostomus commersonii,Catostomus commersonii,158.4582083,EU524476,100,0
SCOI422,1-E03,BLS-16-3-22,2016,22-May,Catostomus commersonii,Catostomus commersonii,158.4582083,EU524476,100,0
SCOI423,1-F03,BLS-16-3-23,2016,22-May,Catostomus commersonii,Catostomus commersonii,158.4582083,EU524476,100,0
SCOI424,1-G03,BLS-16-3-25,2016,22-May,Catostomus commersonii,Catostomus commersonii,158.4582083,KR733378,100,0
SCOI425,1-H03,BLS-16-3-26,2016,22-May,Catostomus commersonii,Catostomus commersonii,158.4582083,EU524476,100,0
SCOI426,1-A04,BLS-16-3-27,2016,22-May,Catostomus commersonii,Catostomus commersonii,158.4582083,EU524476,100,0
SCOI427,1-B04,BLS-16-3-28,2016,22-May,Catostomus commersonii,Catostomus commersonii,158.4582083,EU524476,100,0
SCOI428,1-C04,BLS-16-3-29_&_-30_(I_mixed_products_from_29_&_30)*,2016,22-May,Catostomus commersonii,Catostomus commersonii,158.4582083,*_2_different_seqs_but_both_C._commersonii,NA,NA
SCOI429,1-D04,BLS-16-3-31,2016,22-May,Catostomus commersonii,Catostomus commersonii,158.4582083,KR733380,100,0
SCOI430,1-E04,BLS-16-3-32,2016,22-May,Catostomus commersonii,Catostomus commersonii,158.4582083,KR733385,100,0
SCOI431,1-F04,BLS-16-3-33,2016,22-May,Catostomus commersonii,Catostomus commersonii,158.4582083,KR733385,100,0
SCOI432,1-G04,BLS-16-3-34,2016,22-May,Catostomus commersonii,Catostomus commersonii,158.4582083,EU524476,100,0
SCOI433,1-H04,BLS-16-3-35,2016,22-May,Catostomus commersonii,Catostomus commersonii,158.4582083,EU524476,100,0
SCOI434,1-A05,BLS-16-3-36,2016,22-May,Catostomus commersonii,Catostomus commersonii,158.4582083,KR733380,99,0
SCOI435,1-B05,BLS-16-3-38,2016,22-May,Catostomus commersonii,Catostomus commersonii,158.4582083,EU524476,100,0
SCOI436,1-C05,BLS-16-3-39,2016,22-May,Catostomus commersonii,Catostomus commersonii,158.4582083,EU524476,100,0
SCOI437,1-D05,BLS-16-3-40,2016,22-May,Catostomus commersonii,Catostomus commersonii,158.4582083,KR733380,100,0
SCOI438,1-E05,BLS-16-3-41,2016,22-May,Catostomus commersonii,Catostomus commersonii,158.4582083,KR733378,100,0
SCOI439,1-F05,BLS-16-3-43,2016,22-May,Catostomus commersonii,Catostomus commersonii,158.4582083,EU524476,100,0
SCOI440,1-G05,BLS-16-3-45,2016,22-May,Catostomus commersonii,Catostomus commersonii,158.4582083,EU524476,100,0
SCOI441,1-H05,BLS-16-3-47,2016,22-May,Catostomus commersonii,Catostomus commersonii,158.4582083,EU524476,100,0
SCOI442,1-A06,BLS-16-3-48,2016,22-May,Catostomus commersonii,Catostomus commersonii,158.4582083,EU524476,100,0
SCOI443,1-B06,BLS-16-4-1,2016,23-May,Catostomus commersonii,Catostomus commersonii,170.374375,KR733380,100,0
SCOI444,1-C06,BLS-16-4-2,2016,23-May,Catostomus commersonii,Catostomus commersonii,170.374375,EU524476,100,0
SCOI445,1-D06,BLS-16-4-3,2016,23-May,Catostomus commersonii,Catostomus commersonii,170.374375,EU524476,100,0
SCOI446,1-E06,BLS-16-4-5,2016,23-May,Catostomus commersonii,Catostomus commersonii,170.374375,EU524476,100,0
SCOI447,1-F06,BLS-16-4-6,2016,23-May,Catostomus commersonii,Catostomus commersonii,170.374375,KR733380,100,0
SCOI448,1-G06,BLS-16-4-7,2016,23-May,Catostomus commersonii,Catostomus commersonii,170.374375,KR733378,100,0
SCOI449,1-H06,BLS-16-4-8,2016,23-May,Catostomus commersonii,Catostomus commersonii,170.374375,KR733380,100,0
SCOI450,1-A07,BLS-16-4-9,2016,23-May,Catostomus commersonii,Catostomus commersonii,170.374375,EU524476,100,0
SCOI451,1-B07,BLS-16-4-10,2016,23-May,Catostomus commersonii,Catostomus commersonii,170.374375,EU524476,100,0
SCOI452,1-C07,BLS-16-4-11,2016,23-May,Catostomus commersonii,Catostomus commersonii,170.374375,EU524476,100,0
SCOI453,1-D07,BLS-16-4-12,2016,23-May,Catostomus commersonii,Catostomus commersonii,170.374375,EU524476,100,0
SCOI454,1-E07,BLS-16-4-13,2016,23-May,Catostomus commersonii,Catostomus commersonii,170.374375,EU524476,100,0
SCOI455,1-F07,BLS-16-4-14,2016,23-May,Catostomus commersonii,Catostomus commersonii,170.374375,KR733385,100,0
SCOI456,1-G07,BLS-16-4-15,2016,23-May,Catostomus commersonii,Catostomus commersonii,170.374375,KR733378,100,0
SCOI457,1-H07,BLS-16-4-16,2016,23-May,Catostomus commersonii,Catostomus commersonii,170.374375,EU524476,100,0
SCOI458,1-A08,BLS-16-5-1,2016,24-May,Catostomus commersonii,Catostomus commersonii,182.7582917,EU524476,100,0
SCOI459,1-B08,BLS-16-5-2,2016,24-May,Catostomus commersonii,Catostomus commersonii,182.7582917,EU524476,100,0
SCOI460,1-C08,BLS-16-5-3,2016,24-May,Catostomus commersonii,Catostomus commersonii,182.7582917,EU524476,99,0
SCOI461,1-D08,BLS-16-5-4,2016,24-May,Catostomus commersonii,Catostomus commersonii,182.7582917,EU524476,100,0
SCOI462,1-E08,BLS-16-6-1,2016,25-May,Catostomus commersonii,Catostomus commersonii,195.9549167,EU524476,100,0
SCOI463,1-F08,BLS-16-10-1,2016,29-May,Catostomus commersonii,Catostomus commersonii,256.4508333,EU524476,100,0
SCOI467,1-B09,BLS-16-14-1,2016,2-Jun,Catostomus commersonii,Catostomus commersonii,317.8074167,__KR733377,100,0
SCOI502,1-B01,5/17/17-_1,2017,17-May,Catostomus commersonii,Catostomus commersonii,135.9572083,KR733377.1,100,0
SCOI503,1-C01,5/17/17-_2,2017,17-May,Catostomus commersonii,Catostomus commersonii,135.9572083,KX145540.1,100,0
SCOI506,1-F01,5/18/17-_1,2017,18-May,Catostomus commersonii,Catostomus commersonii,147.579875,KX145592.1,100,0
SCOI507,1-G01,5/18/17-_2,2017,18-May,Catostomus commersonii,Catostomus commersonii,147.579875,KX145592.1,100,0
SCOI508,1-H01,5/18/17-_3,2017,18-May,Catostomus commersonii,Catostomus commersonii,147.579875,KX145592.1,100,0
SCOI509,1-A02,5/18/17-_4,2017,18-May,Catostomus commersonii,Catostomus commersonii,147.579875,KX145540.1,100,0
SCOI510,1-B02,5/18/17-_5,2017,18-May,Catostomus commersonii,Catostomus commersonii,147.579875,KX145592.1,100,0
SCOI511,1-C02,5/18/17-_6,2017,18-May,Catostomus commersonii,Catostomus commersonii,147.579875,KX145592.1,99,0
SCOI512,1-D02,5/18/17-_7,2017,18-May,Catostomus commersonii,Catostomus commersonii,147.579875,KX145592.1,100,0
SCOI513,1-E02,5/18/17-_8,2017,18-May,Catostomus commersonii,Catostomus commersonii,147.579875,KX145592.1,100,0
SCOI514,1-F02,5/18/17-_9,2017,18-May,Catostomus commersonii,Catostomus commersonii,147.579875,KX145592.1,100,0
SCOI515,1-G02,5/18/17-_10,2017,18-May,Catostomus commersonii,Catostomus commersonii,147.579875,KX145592.1,100,0
SCOI516,1-H02,5/18/17-_11,2017,18-May,Catostomus commersonii,Catostomus commersonii,147.579875,KX145592.1,100,0
SCOI517,1-A03,5/18/17-_12,2017,18-May,Catostomus commersonii,Catostomus commersonii,147.579875,KX145592.1,100,0
SCOI518,1-B03,5/18/17-_13,2017,18-May,Catostomus commersonii,Catostomus commersonii,147.579875,KR733380.1,100,0
SCOI519,1-C03,5/18/17-_14,2017,18-May,Catostomus commersonii,Catostomus commersonii,147.579875,KR733380.1,100,0
SCOI520,1-D03,5/18/17-_15,2017,18-May,Catostomus commersonii,Catostomus commersonii,147.579875,KX145335.1,100,0
SCOI521,1-E03,5/19/17-_1,2017,19-May,Catostomus commersonii,Catostomus commersonii,158.325875,KX145335.1,100,0
SCOI523,1-G03,5/19/17-_3,2017,19-May,Catostomus commersonii,Catostomus commersonii,158.325875,KX145592.1,100,0
SCOI524,1-H03,5/19/17-_4,2017,19-May,Catostomus commersonii,Catostomus commersonii,158.325875,KX145592.1,100,0
SCOI525,1-A04,5/19/17-_5,2017,19-May,Catostomus commersonii,Catostomus commersonii,158.325875,KX145592.1,100,0
SCOI526,1-B04,5/20/17-_1,2017,20-May,Catostomus commersonii,Catostomus commersonii,168.8297083,KX145592.1,100,0
SCOI527,1-C04,5/20/17-_2,2017,20-May,Catostomus commersonii,Catostomus commersonii,168.8297083,KX145335.1,100,0
SCOI528,1-D04,5/20/17-_3,2017,20-May,Catostomus commersonii,Catostomus commersonii,168.8297083,KX145592.1,100,0
SCOI529,1-E04,5/20/17-_4,2017,20-May,Catostomus commersonii,Catostomus commersonii,168.8297083,KX145540.1,100,0
SCOI530,1-F04,5/20/17-_5,2017,20-May,Catostomus commersonii,Catostomus commersonii,168.8297083,KR733380.1,100,0
SCOI531,1-G04,5/20/17-_6,2017,20-May,Catostomus commersonii,Catostomus commersonii,168.8297083,KX145540.1,100,0
SCOI532,1-H04,5/20/17-_7,2017,20-May,Catostomus commersonii,Catostomus commersonii,168.8297083,KX145592.1,100,0
SCOI533,1-A05,5/21/17-_1,2017,21-May,Catostomus commersonii,Catostomus commersonii,178.6340417,KX145592.1,100,0
SCOI534,1-B05,5/21/17-_2,2017,21-May,Catostomus commersonii,Catostomus commersonii,178.6340417,KX145592.1,100,0
SCOI535,1-C05,5/22/17-_1,2017,22-May,Catostomus commersonii,Catostomus commersonii,187.3070417,KX145592.1,99,0
SCOI536,1-D05,5/23/17-_1,2017,23-May,Catostomus commersonii,Catostomus commersonii,196.1036667,KX145335.1,100,0
SCOI537,1-E05,5/24/17-_1,2017,24-May,Catostomus commersonii,Catostomus commersonii,205.1319167,KX145592.1,99,0
SCOI539,1-G05,5/26/17-_1,2017,26-May,Catostomus commersonii,Catostomus commersonii,222.8844583,KX145592.1,100,0
SCOI540,1-H05,5/27/17-_1,2017,27-May,Catostomus commersonii,Catostomus commersonii,233.296625,KX145592.1,100,0
SCOI541,1-A06,6/01/17-_1,2017,1-Jun,Catostomus commersonii,Catostomus commersonii,286.1332083,KR733380.1,100,0
SCOI543,1-C06,6/03/17-_1,2017,3-Jun,Catostomus commersonii,Catostomus commersonii,307.3335417,KR733380.1,100,0
SCOI609,1-A01,1,2018,24-May,Catostomus commersonii,Catostomus commersonii,159.1829167,KX145592,100,0
SCOI611,1-C01,3,2018,24-May,Catostomus commersonii,Catostomus commersonii,159.1829167,KX145592,100,0
SCOI612,1-D01,4,2018,24-May,Catostomus commersonii,Catostomus commersonii,159.1829167,KX145592,100,0
SCOI614,1-F01,6,2018,24-May,Catostomus commersonii,Catostomus commersonii,159.1829167,KX145592,100,0
SCOI615,1-G01,7,2018,24-May,Catostomus commersonii,Catostomus commersonii,159.1829167,KX145592,100,0
SCOI616,1-H01,8,2018,24-May,Catostomus commersonii,Catostomus commersonii,159.1829167,KX145592,100,0
SCOI617,1-A02,9,2018,24-May,Catostomus commersonii,Catostomus commersonii,159.1829167,KX145592,100,0
SCOI618,1-B02,10,2018,24-May,Catostomus commersonii,Catostomus commersonii,159.1829167,KX145592,99,0
SCOI619,1-C02,11,2018,24-May,Catostomus commersonii,Catostomus commersonii,159.1829167,KR733378,100,0
SCOI620,1-D02,12,2018,24-May,Catostomus commersonii,Catostomus commersonii,159.1829167,KX145592,100,0
SCOI621,1-E02,13,2018,24-May,Catostomus commersonii,Catostomus commersonii,159.1829167,KX145540,100,0
SCOI624,1-H02,16,2018,25-May,Catostomus commersonii,Catostomus commersonii,172.561625,KX145592,100,0
SCOI626,1-B03,18,2018,25-May,Catostomus commersonii,Catostomus commersonii,172.561625,KR733378,100,0
SCOI627,1-C03,19,2018,25-May,Catostomus commersonii,Catostomus commersonii,172.561625,KX145540,100,0
SCOI629,1-E03,21,2018,25-May,Catostomus commersonii,Catostomus commersonii,172.561625,KX145592,100,0
SCOI630,1-F03,22,2018,25-May,Catostomus commersonii,Catostomus commersonii,172.561625,KR733378,100,0
SCOI631,1-G03,23,2018,25-May,Catostomus commersonii,Catostomus commersonii,172.561625,KX145592,100,0
SCOI633,1-A04,25,2018,26-May,Catostomus commersonii,Catostomus commersonii,188.021125,KX145592,100,0
SCOI634,1-B04,26,2018,26-May,Catostomus commersonii,Catostomus commersonii,188.021125,KR733378,100,0
SCOI635,1-C04,27,2018,26-May,Catostomus commersonii,Catostomus commersonii,188.021125,KX145540,100,0
SCOI636,1-D04,28,2018,26-May,Catostomus commersonii,Catostomus commersonii,188.021125,KX145592,100,0
SCOI637,1-E04,29,2018,26-May,Catostomus commersonii,Catostomus commersonii,188.021125,KX145540,100,0
SCOI638,1-F04,30,2018,26-May,Catostomus commersonii,Catostomus commersonii,188.021125,KR733380,100,0
SCOI639,1-G04,31,2018,26-May,Catostomus commersonii,Catostomus commersonii,188.021125,KX145592,100,0
SCOI640,1-H04,32,2018,26-May,Catostomus commersonii,Catostomus commersonii,188.021125,KX145592,100,0
SCOI641,1-A05,33,2018,27-May,Catostomus commersonii,Catostomus commersonii,204.0925417,KX145592,100,0
SCOI642,1-B05,34,2018,27-May,Catostomus commersonii,Catostomus commersonii,204.0925417,KX145592,100,0
SCOI643,1-C05,35,2018,28-May,Catostomus commersonii,Catostomus commersonii,220.8735417,KX145592,100,0
SCOI644,1-D05,36,2018,28-May,Catostomus commersonii,Catostomus commersonii,220.8735417,KR733378,100,0
SCOI645,1-E05,37,2018,29-May,Catostomus commersonii,Catostomus commersonii,238.5877083,KX145592,99,0
SCOI670,1-F08,62,2018,6-Jun,Catostomus commersonii,Catostomus commersonii,351.1237917,KR733380,100,0
SCOI673,1-A09,65,2018,6-Jun,Catostomus commersonii,Catostomus commersonii,351.1237917,KR733380,100,0
SCOI682,1-B10,74,2018,8-Jun,Catostomus commersonii,Catostomus commersonii,374.8808333,KX145592,100,0
SCOI041,NA,NA,2011,14-Jun,FAIL,FAIL,433.0380417,NA,>_99%,NA
SCOI070,NA,NA,2012,13-May,FAIL,FAIL,92.8901667,NA,NA,NA
SCOI117,NA,NA,2012,12-Jun,FAIL,FAIL,474.0165,NA,NA,NA
SCOI118,NA,NA,2012,12-Jun,FAIL,FAIL,474.0165,NA,NA,NA
SCOI119,NA,NA,2012,12-Jun,FAIL,FAIL,474.0165,NA,NA,NA
SCOI120,NA,NA,2012,12-Jun,FAIL,FAIL,474.0165,NA,NA,NA
SCOI121,NA,NA,2012,12-Jun,FAIL,FAIL,474.0165,NA,NA,NA
SCOI401,2-B02,N1,2015,21-Jun,FAIL,FAIL,542.6809167,NA,NA,NA
SCOI464,1-G08,BLS-16-11-1,2016,30-May,FAIL,FAIL,272.2077083,NA,NA,0
SCOI501,1-A01,5/15/17-_1,2017,15-May,FAIL,FAIL,114.0966667,NA,NA,NA
SCOI504,1-D01,5/17/17-_3,2017,17-May,FAIL,FAIL,135.9572083,NA,NA,NA
SCOI505,1-E01,5/17/17-_4,2017,17-May,FAIL,FAIL,135.9572083,NA,NA,NA
SCOI522,1-F03,5/19/17-_2,2017,19-May,FAIL,FAIL,158.325875,NA,NA,NA
SCOI538,1-F05,5/25/17-_1,2017,25-May,FAIL,FAIL,213.8729167,NA,NA,NA
SCOI545,1-E06,6/05/17-_1,2017,5-Jun,FAIL,FAIL,330.9600833,NA,NA,NA
SCOI577,1-E10,6/10/17-_13,2017,10-Jun,FAIL,FAIL,403.853625,NA,NA,NA
SCOI594,1-F01,6/12/17-_2,2017,12-Jun,FAIL,FAIL,435.8895,NA,NA,NA
SCOI597,1-A02,6/13/17-_1,2017,13-Jun,FAIL,FAIL,453.1768333,NA,NA,NA
SCOI598,1-B02,6/13/17-_2,2017,13-Jun,FAIL,FAIL,453.1768333,NA,NA,NA
SCOI599,1-C02,6/14/17-_1,2017,14-Jun,FAIL,FAIL,470.6457083,NA,NA,NA
SCOI602,1-F02,6/15/17-_2,2017,15-Jun,FAIL,FAIL,487.74625,NA,NA,NA
SCOI605,1-A03,6/16/17-_1,2017,16-Jun,FAIL,FAIL,505.0277917,NA,NA,NA
SCOI608,1-D03,6/25/17-_1,2017,25-Jun,FAIL,FAIL,643.0033,NA,NA,NA
SCOI680,1-H09,72,2018,8-Jun,FAIL,FAIL,374.8808333,NA,NA,NA
SCOI687,1-G10,79,2018,11-Jun,FAIL,FAIL,416.44275,NA,NA,NA
SCOI692,1-D11,84,2018,12-Jun,FAIL,FAIL,430.75425,NA,NA,NA
SCOI693,1-E11,85,2018,12-Jun,FAIL,FAIL,430.75425,NA,NA,NA
SCOI694,1-F11,86,2018,12-Jun,FAIL,FAIL,430.75425,NA,NA,NA
SCOI695,1-G11,87,2018,12-Jun,FAIL,FAIL,430.75425,NA,NA,NA
SCOI021,NA,NA,2011,7-Jun,Moxostoma anisurum,Moxostoma anisurum,345.267375,NA,>_99%,NA
SCOI022,NA,NA,2011,7-Jun,Moxostoma anisurum,Moxostoma anisurum,345.267375,NA,>_99%,NA
SCOI023,NA,NA,2011,7-Jun,Moxostoma anisurum,Moxostoma anisurum,345.267375,NA,>_99%,NA
SCOI024,NA,NA,2011,7-Jun,Moxostoma anisurum,Moxostoma anisurum,345.267375,NA,>_99%,NA
SCOI025,NA,NA,2011,7-Jun,Moxostoma anisurum,Moxostoma anisurum,345.267375,NA,>_99%,NA
SCOI026,NA,NA,2011,7-Jun,Moxostoma anisurum,Moxostoma anisurum,345.267375,NA,>_99%,NA
SCOI027,NA,NA,2011,7-Jun,Moxostoma anisurum,Moxostoma anisurum,345.267375,NA,>_99%,NA
SCOI028,NA,NA,2011,7-Jun,Moxostoma anisurum,Moxostoma anisurum,345.267375,NA,>_99%,NA
SCOI029,NA,NA,2011,7-Jun,Moxostoma anisurum,Moxostoma anisurum,345.267375,NA,>_99%,NA
SCOI030,NA,NA,2011,7-Jun,Moxostoma anisurum,Moxostoma anisurum,345.267375,NA,>_99%,NA
SCOI031,NA,NA,2011,7-Jun,Moxostoma anisurum,Moxostoma anisurum,345.267375,NA,>_99%,NA
SCOI032,NA,NA,2011,7-Jun,Moxostoma anisurum,Moxostoma anisurum,345.267375,NA,>_99%,NA
SCOI033,NA,NA,2011,7-Jun,Moxostoma anisurum,Moxostoma anisurum,345.267375,NA,>_99%,NA
SCOI034,NA,NA,2011,7-Jun,Moxostoma anisurum,Moxostoma anisurum,345.267375,NA,>_99%,NA
SCOI035,NA,NA,2011,7-Jun,Moxostoma anisurum,Moxostoma anisurum,345.267375,NA,>_99%,NA
SCOI036,NA,NA,2011,7-Jun,Moxostoma anisurum,Moxostoma anisurum,345.267375,NA,>_99%,NA
SCOI037,NA,NA,2011,7-Jun,Moxostoma anisurum,Moxostoma anisurum,345.267375,NA,>_99%,NA
SCOI038,NA,NA,2011,7-Jun,Moxostoma anisurum,Moxostoma anisurum,345.267375,NA,>_99%,NA
SCOI039,NA,NA,2011,7-Jun,Moxostoma anisurum,Moxostoma anisurum,345.267375,NA,>_99%,NA
SCOI042,NA,NA,2011,14-Jun,Moxostoma anisurum,Moxostoma anisurum,433.0380417,NA,>_99%,NA
SCOI043,NA,NA,2011,14-Jun,Moxostoma anisurum,Moxostoma anisurum,433.0380417,NA,>_99%,NA
SCOI044,NA,NA,2011,14-Jun,Moxostoma anisurum,Moxostoma anisurum,433.0380417,NA,>_99%,NA
SCOI045,NA,NA,2011,14-Jun,Moxostoma anisurum,Moxostoma anisurum,433.0380417,NA,>_99%,NA
SCOI046,NA,NA,2011,14-Jun,Moxostoma anisurum,Moxostoma anisurum,433.0380417,NA,>_99%,NA
SCOI047,NA,NA,2011,14-Jun,Moxostoma anisurum,Moxostoma anisurum,433.0380417,NA,>_99%,NA
SCOI048,NA,NA,2011,14-Jun,Moxostoma anisurum,Moxostoma anisurum,433.0380417,NA,>_99%,NA
SCOI049,NA,NA,2011,14-Jun,Moxostoma anisurum,Moxostoma anisurum,433.0380417,NA,>_99%,NA
SCOI050,NA,NA,2011,14-Jun,Moxostoma anisurum,Moxostoma anisurum,433.0380417,NA,>_99%,NA
SCOI051,NA,NA,2011,14-Jun,Moxostoma anisurum,Moxostoma anisurum,433.0380417,NA,>_99%,NA
SCOI052,NA,NA,2011,14-Jun,Moxostoma anisurum,Moxostoma anisurum,433.0380417,NA,>_99%,NA
SCOI053,NA,NA,2011,14-Jun,Moxostoma anisurum,Moxostoma anisurum,433.0380417,NA,>_99%,NA
SCOI054,NA,NA,2011,14-Jun,Moxostoma anisurum,Moxostoma anisurum,433.0380417,NA,>_99%,NA
SCOI055,NA,NA,2011,14-Jun,Moxostoma anisurum,Moxostoma anisurum,433.0380417,NA,>_99%,NA
SCOI056,NA,NA,2011,14-Jun,Moxostoma anisurum,Moxostoma anisurum,433.0380417,NA,>_99%,NA
SCOI057,NA,NA,2011,14-Jun,Moxostoma anisurum,Moxostoma anisurum,433.0380417,NA,>_99%,NA
SCOI058,NA,NA,2011,14-Jun,Moxostoma anisurum,Moxostoma anisurum,433.0380417,NA,>_99%,NA
SCOI059,NA,NA,2011,14-Jun,Moxostoma anisurum,Moxostoma anisurum,433.0380417,NA,>_99%,NA
SCOI060,NA,NA,2011,14-Jun,Moxostoma anisurum,Moxostoma anisurum,433.0380417,NA,>_99%,NA
SCOI086,NA,NA,2012,30-May,Moxostoma anisurum,Moxostoma anisurum,312.7342083,NA,NA,NA
SCOI087,NA,NA,2012,30-May,Moxostoma anisurum,Moxostoma anisurum,312.7342083,NA,NA,NA
SCOI088,NA,NA,2012,30-May,Moxostoma anisurum,Moxostoma anisurum,312.7342083,NA,NA,NA
SCOI089,NA,NA,2012,30-May,Moxostoma anisurum,Moxostoma anisurum,312.7342083,NA,NA,NA
SCOI090,NA,NA,2012,30-May,Moxostoma anisurum,Moxostoma anisurum,312.7342083,NA,NA,NA
SCOI091,NA,NA,2012,30-May,Moxostoma anisurum,Moxostoma anisurum,312.7342083,NA,NA,NA
SCOI092,NA,NA,2012,30-May,Moxostoma anisurum,Moxostoma anisurum,312.7342083,NA,NA,NA
SCOI093,NA,NA,2012,30-May,Moxostoma anisurum,Moxostoma anisurum,312.7342083,NA,NA,NA
SCOI094,NA,NA,2012,31-May,Moxostoma anisurum,Moxostoma anisurum,325.92675,NA,NA,NA
SCOI095,NA,NA,2012,31-May,Moxostoma anisurum,Moxostoma anisurum,325.92675,NA,NA,NA
SCOI096,NA,NA,2012,31-May,Moxostoma anisurum,Moxostoma anisurum,325.92675,NA,NA,NA
SCOI097,NA,NA,2012,31-May,Moxostoma anisurum,Moxostoma anisurum,325.92675,NA,NA,NA
SCOI098,NA,NA,2012,31-May,Moxostoma anisurum,Moxostoma anisurum,325.92675,NA,NA,NA
SCOI099,NA,NA,2012,31-May,Moxostoma anisurum,Moxostoma anisurum,325.92675,NA,NA,NA
SCOI100,NA,NA,2012,31-May,Moxostoma anisurum,Moxostoma anisurum,325.92675,NA,NA,NA
SCOI101,NA,NA,2012,31-May,Moxostoma anisurum,Moxostoma anisurum,325.92675,NA,NA,NA
SCOI102,NA,NA,2012,1-Jun,Moxostoma anisurum,Moxostoma anisurum,337.8349167,NA,NA,NA
SCOI103,NA,NA,2012,1-Jun,Moxostoma anisurum,Moxostoma anisurum,337.8349167,NA,NA,NA
SCOI104,NA,NA,2012,1-Jun,Moxostoma anisurum,Moxostoma anisurum,337.8349167,NA,NA,NA
SCOI105,NA,NA,2012,1-Jun,Moxostoma anisurum,Moxostoma anisurum,337.8349167,NA,NA,NA
SCOI106,NA,NA,2012,1-Jun,Moxostoma anisurum,Moxostoma anisurum,337.8349167,NA,NA,NA
SCOI107,NA,NA,2012,1-Jun,Moxostoma anisurum,Moxostoma anisurum,337.8349167,NA,NA,NA
SCOI108,NA,NA,2012,1-Jun,Moxostoma anisurum,Moxostoma anisurum,337.8349167,NA,NA,NA
SCOI109,NA,NA,2012,1-Jun,Moxostoma anisurum,Moxostoma anisurum,337.8349167,NA,NA,NA
SCOI110,NA,NA,2012,12-Jun,Moxostoma anisurum,Moxostoma anisurum,474.0165,NA,NA,NA
SCOI111,NA,NA,2012,12-Jun,Moxostoma anisurum,Moxostoma anisurum,474.0165,NA,NA,NA
SCOI112,NA,NA,2012,12-Jun,Moxostoma anisurum,Moxostoma anisurum,474.0165,NA,NA,NA
SCOI113,NA,NA,2012,12-Jun,Moxostoma anisurum,Moxostoma anisurum,474.0165,NA,NA,NA
SCOI114,NA,NA,2012,12-Jun,Moxostoma anisurum,Moxostoma anisurum,474.0165,NA,NA,NA
SCOI115,NA,NA,2012,12-Jun,Moxostoma anisurum,Moxostoma anisurum,474.0165,NA,NA,NA
SCOI116,NA,NA,2012,12-Jun,Moxostoma anisurum,Moxostoma anisurum,474.0165,NA,NA,NA
SCOI122,NA,NA,2012,15-Jun,Moxostoma anisurum,Moxostoma anisurum,521.304,NA,NA,NA
SCOI123,NA,NA,2012,15-Jun,Moxostoma anisurum,Moxostoma anisurum,521.304,NA,NA,NA
SCOI124,NA,NA,2012,15-Jun,Moxostoma anisurum,Moxostoma anisurum,521.304,NA,NA,NA
SCOI125,NA,NA,2012,15-Jun,Moxostoma anisurum,Moxostoma anisurum,521.304,NA,NA,NA
SCOI126,NA,NA,2012,15-Jun,Moxostoma anisurum,Moxostoma anisurum,521.304,NA,NA,NA
SCOI127,NA,NA,2012,15-Jun,Moxostoma anisurum,Moxostoma anisurum,521.304,NA,NA,NA
SCOI128,NA,NA,2012,15-Jun,Moxostoma anisurum,Moxostoma anisurum,521.304,NA,NA,NA
SCOI129,NA,NA,2012,15-Jun,Moxostoma anisurum,Moxostoma anisurum,521.304,NA,NA,NA
SCOI130,NA,NA,2012,15-Jun,Moxostoma anisurum,Moxostoma anisurum,521.304,NA,NA,NA
SCOI131,NA,NA,2012,15-Jun,Moxostoma anisurum,Moxostoma anisurum,521.304,NA,NA,NA
SCOI132,NA,NA,2012,15-Jun,Moxostoma anisurum,Moxostoma anisurum,521.304,NA,NA,NA
SCOI133,NA,NA,2012,15-Jun,Moxostoma anisurum,Moxostoma anisurum,521.304,NA,NA,NA
SCOI148,KTS-447,6/7/13-1,2013,7-Jun,Moxostoma anisurum,Moxostoma anisurum,347.8923333,EU524146,100,0
SCOI149,KTS-453,6/7/13-2,2013,7-Jun,Moxostoma anisurum,Moxostoma anisurum,347.8923333,EU524146,100,0
SCOI150,KTS-454,6/7/13-3,2013,7-Jun,Moxostoma anisurum,Moxostoma anisurum,347.8923333,EU524146,100,0
SCOI151,Plate_1-_B04,6/7/13-5,2013,7-Jun,Moxostoma anisurum,Moxostoma anisurum,347.8923333,EU524146,100,0
SCOI152,Plate_1-_C04,6/7/13-6,2013,7-Jun,Moxostoma anisurum,Moxostoma anisurum,347.8923333,EU524146,100,0
SCOI153,Plate_1-_D04,6/7/13-7,2013,7-Jun,Moxostoma anisurum,Moxostoma anisurum,347.8923333,EU524146,100,0
SCOI154,Plate_1-_E04,6/7/13-8,2013,7-Jun,Moxostoma anisurum,Moxostoma anisurum,347.8923333,EU524146,100,0
SCOI155,Plate_1-_F04,6/7/13-9,2013,7-Jun,Moxostoma anisurum,Moxostoma anisurum,347.8923333,EU524146,100,0
SCOI156,Plate_1-_G04,6/7/13-10,2013,7-Jun,Moxostoma anisurum,Moxostoma anisurum,347.8923333,EU524146,100,0
SCOI158,Plate_1-_A05,6/8/13-12,2013,8-Jun,Moxostoma anisurum,Moxostoma anisurum,358.9996667,EU524146,100,0
SCOI159,Plate_1-_B05,6/8/13-13,2013,8-Jun,Moxostoma anisurum,Moxostoma anisurum,358.9996667,EU524146,100,0
SCOI160,Plate_1-_C05,6/8/13-14,2013,8-Jun,Moxostoma anisurum,Moxostoma anisurum,358.9996667,EU524146,100,0
SCOI161,Plate_1-_D05,6/8/13-15,2013,8-Jun,Moxostoma anisurum,Moxostoma anisurum,358.9996667,EU524146,100,0
SCOI162,Plate_1-_E05,6/8/13-16,2013,8-Jun,Moxostoma anisurum,Moxostoma anisurum,358.9996667,EU524146,100,0
SCOI163,Plate_1-_F05,6/8/13-17,2013,8-Jun,Moxostoma anisurum,Moxostoma anisurum,358.9996667,EU524146,100,0
SCOI164,Plate_1-_G05,6/8/13-18,2013,8-Jun,Moxostoma anisurum,Moxostoma anisurum,358.9996667,EU524146,100,0
SCOI165,Plate_1-H05_,6/8/13-19,2013,8-Jun,Moxostoma anisurum,Moxostoma anisurum,358.9996667,EU524146,100,0
SCOI166,Plate_1-_A06,6/8/13-20,2013,8-Jun,Moxostoma anisurum,Moxostoma anisurum,358.9996667,EU524146,100,0
SCOI167,Plate_1-_B06,6/9/13-21,2013,9-Jun,Moxostoma anisurum,Moxostoma anisurum,370.9393333,EU524146,100,0
SCOI168,Plate_1-_C06,6/9/13-22,2013,9-Jun,Moxostoma anisurum,Moxostoma anisurum,370.9393333,EU524146,100,0
SCOI169,Plate_1-_E06,6/9/13-24,2013,9-Jun,Moxostoma anisurum,Moxostoma anisurum,370.9393333,EU524146,100,0
SCOI170,Plate_1-_F06,6/9/13-25,2013,9-Jun,Moxostoma anisurum,Moxostoma anisurum,370.9393333,EU524146,100,0
SCOI171,Plate_1-_G06,6/9/13-26,2013,9-Jun,Moxostoma anisurum,Moxostoma anisurum,370.9393333,EU524146,100,0
SCOI172,Plate_1-H06_,6/9/13-27,2013,9-Jun,Moxostoma anisurum,Moxostoma anisurum,370.9393333,EU524146,100,0
SCOI173,KTS-455,6/9/13-28,2013,9-Jun,Moxostoma anisurum,Moxostoma anisurum,370.9393333,EU524146,99,0
SCOI174,Plate_1-_A07,6/9/13-29,2013,9-Jun,Moxostoma anisurum,Moxostoma anisurum,370.9393333,EU524146,100,0
SCOI175,Plate_1-_B07,6/9/13-30,2013,9-Jun,Moxostoma anisurum,Moxostoma anisurum,370.9393333,EU524146,100,0
SCOI176,Plate_1-_C07,6/13/13-31,2013,13-Jun,Moxostoma anisurum,Moxostoma anisurum,420.89175,EU524146,100,0
SCOI177,Plate_1-_D07,6/13/13-32,2013,13-Jun,Moxostoma anisurum,Moxostoma anisurum,420.89175,EU524146,100,0
SCOI178,Plate_1-_E07,6/13/13-33,2013,13-Jun,Moxostoma anisurum,Moxostoma anisurum,420.89175,EU524146,100,0
SCOI179,Plate_1-_F07,6/13/13-34,2013,13-Jun,Moxostoma anisurum,Moxostoma anisurum,420.89175,EU524146,100,0
SCOI180,Plate_1-_G07,6/13/13-35,2013,13-Jun,Moxostoma anisurum,Moxostoma anisurum,420.89175,EU524146,100,0
SCOI181,Plate_1-H07_,6/13/13-36,2013,13-Jun,Moxostoma anisurum,Moxostoma anisurum,420.89175,EU524146,100,0
SCOI182,Plate_1-_A08,6/13/13-37,2013,13-Jun,Moxostoma anisurum,Moxostoma anisurum,420.89175,EU524146,100,0
SCOI183,Plate_1-_B08,6/13/13-38,2013,13-Jun,Moxostoma anisurum,Moxostoma anisurum,420.89175,EU524146,100,0
SCOI184,Plate_1-_C08,6/13/13-39,2013,13-Jun,Moxostoma anisurum,Moxostoma anisurum,420.89175,EU524146,100,0
SCOI185,Plate_1-_D08,6/13/13-40,2013,13-Jun,Moxostoma anisurum,Moxostoma anisurum,420.89175,EU524146,100,0
SCOI186,Plate_1-_E08,6/16/13-41,2013,16-Jun,Moxostoma anisurum,Moxostoma anisurum,463.01575,EU524146,100,0
SCOI187,Plate_1-_F08,6/16/13-42,2013,16-Jun,Moxostoma anisurum,Moxostoma anisurum,463.01575,EU524146,100,0
SCOI188,Plate_1-_G08,6/16/13-43,2013,16-Jun,Moxostoma anisurum,Moxostoma anisurum,463.01575,EU524146,100,0
SCOI189,Plate_1-H08_,6/16/13-45,2013,16-Jun,Moxostoma anisurum,Moxostoma anisurum,463.01575,EU524146,100,0
SCOI190,Plate_1-_A09,6/16/13-46,2013,16-Jun,Moxostoma anisurum,Moxostoma anisurum,463.01575,EU524146,100,0
SCOI191,Plate_1-_B09,6/16/13-47,2013,16-Jun,Moxostoma anisurum,Moxostoma anisurum,463.01575,EU524146,100,0
SCOI192,Plate_1-_C09,6/16/13-48,2013,16-Jun,Moxostoma anisurum,Moxostoma anisurum,463.01575,EU524146,100,0
SCOI193,Plate_1-_D09,6/16/13-49,2013,16-Jun,Moxostoma anisurum,Moxostoma anisurum,463.01575,EU524146,100,0
SCOI194,Plate_1-_E09,6/16/13-50,2013,16-Jun,Moxostoma anisurum,Moxostoma anisurum,463.01575,EU524146,100,0
SCOI195,Plate_1-_F09,6/17/13-2,2013,17-Jun,Moxostoma anisurum,Moxostoma anisurum,477.1439583,EU524146,100,0
SCOI196,Plate_1-_G09,6/17/13-3,2013,17-Jun,Moxostoma anisurum,Moxostoma anisurum,477.1439583,EU524146,100,0
SCOI197,Plate_1-H09_,6/21/13-9,2013,21-Jun,Moxostoma anisurum,Moxostoma anisurum,533.7817083,EU524146,100,0
SCOI198,Plate_1-H10_,6/23/13-17,2013,23-Jun,Moxostoma anisurum,Moxostoma anisurum,563.5112083,EU524146,100,0
SCOI199,Plate_1-_A11,6/23/13-18,2013,23-Jun,Moxostoma anisurum,Moxostoma anisurum,563.5112083,EU524146,100,0
SCOI232,Plate_2-_G03,6/6/14-1,2014,6-Jun,Moxostoma anisurum,Moxostoma anisurum,308.610875,EU524146,100,0
SCOI233,Plate_2-H03_,6/7/14-1,2014,7-Jun,Moxostoma anisurum,Moxostoma anisurum,323.4700625,EU524146,100,0
SCOI234,Plate_2-_A04,6/7/14-2,2014,7-Jun,Moxostoma anisurum,Moxostoma anisurum,323.4700625,EU524146,100,0
SCOI235,Plate_2-_B04,6/7/14-3,2014,7-Jun,Moxostoma anisurum,Moxostoma anisurum,323.4700625,EU524146,99,0
SCOI236,Plate_2-_C04,6/7/14-4,2014,7-Jun,Moxostoma anisurum,Moxostoma anisurum,323.4700625,EU524146,100,0
SCOI237,Plate_2-_D04,6/8/14-1,2014,8-Jun,Moxostoma anisurum,Moxostoma anisurum,337.7054583,EU524146,100,0
SCOI238,Plate_2-_E04,6/8/14-2,2014,8-Jun,Moxostoma anisurum,Moxostoma anisurum,337.7054583,EU524146,100,0
SCOI239,Plate_2-_F04,6/8/14-3,2014,8-Jun,Moxostoma anisurum,Moxostoma anisurum,337.7054583,EU524146,100,0
SCOI240,Plate_2-_G04,6/9/14-1,2014,9-Jun,Moxostoma anisurum,Moxostoma anisurum,352.6389375,EU524146,100,0
SCOI241,Plate_2-H04_,6/9/14-2,2014,9-Jun,Moxostoma anisurum,Moxostoma anisurum,352.6389375,EU524146,99,0
SCOI242,Plate_2-_A05,6/9/14-3,2014,9-Jun,Moxostoma anisurum,Moxostoma anisurum,352.6389375,EU524146,100,0
SCOI243,Plate_2-_B05,6/9/14-4,2014,9-Jun,Moxostoma anisurum,Moxostoma anisurum,352.6389375,EU524146,100,0
SCOI244,Plate_2-_C05,6/9/14-5,2014,9-Jun,Moxostoma anisurum,Moxostoma anisurum,352.6389375,EU524146,100,0
SCOI245,Plate_2-_D05,6/9/14-6,2014,9-Jun,Moxostoma anisurum,Moxostoma anisurum,352.6389375,EU524146,99,0
SCOI246,Plate_2-_E05,6/9/14-7,2014,9-Jun,Moxostoma anisurum,Moxostoma anisurum,352.6389375,EU524146,100,0
SCOI247,Plate_2-_F05,6/9/14-8,2014,9-Jun,Moxostoma anisurum,Moxostoma anisurum,352.6389375,EU524146,100,0
SCOI248,Plate_2-_G05,6/9/14-9,2014,9-Jun,Moxostoma anisurum,Moxostoma anisurum,352.6389375,EU524146,100,0
SCOI249,Plate_2-H05_,6/9/14-10,2014,9-Jun,Moxostoma anisurum,Moxostoma anisurum,352.6389375,EU524146,100,0
SCOI250,Plate_2-_A06,6/9/14-11,2014,9-Jun,Moxostoma anisurum,Moxostoma anisurum,352.6389375,EU524146,100,0
SCOI251,Plate_2-_B06,6/9/14-12,2014,9-Jun,Moxostoma anisurum,Moxostoma anisurum,352.6389375,EU524146,100,0
SCOI252,Plate_2-_C06,6/9/14-13,2014,9-Jun,Moxostoma anisurum,Moxostoma anisurum,352.6389375,EU524146,100,0
SCOI253,Plate_2-_D06,6/9/14-14,2014,9-Jun,Moxostoma anisurum,Moxostoma anisurum,352.6389375,EU524146,100,0
SCOI254,Plate_2-_E06,6/10/14-1,2014,10-Jun,Moxostoma anisurum,Moxostoma anisurum,367.4938125,EU524146,100,0
SCOI255,Plate_2-_F06,6/10/14-2,2014,10-Jun,Moxostoma anisurum,Moxostoma anisurum,367.4938125,EU524146,100,0
SCOI256,Plate_2-_G06,6/10/14-3,2014,10-Jun,Moxostoma anisurum,Moxostoma anisurum,367.4938125,EU524146,100,0
SCOI257,Plate_2-H06_,6/10/14-4,2014,10-Jun,Moxostoma anisurum,Moxostoma anisurum,367.4938125,EU524146,100,0
SCOI258,Plate_2-_A07,6/10/14-5,2014,10-Jun,Moxostoma anisurum,Moxostoma anisurum,367.4938125,EU524146,100,0
SCOI259,Plate_2-_B07,6/10/14-6,2014,10-Jun,Moxostoma anisurum,Moxostoma anisurum,367.4938125,EU524146,100,0
SCOI260,Plate_2-_C07,6/10/14-7,2014,10-Jun,Moxostoma anisurum,Moxostoma anisurum,367.4938125,EU524146,100,0
SCOI261,Plate_2-_D07,6/10/14-8,2014,10-Jun,Moxostoma anisurum,Moxostoma anisurum,367.4938125,EU524146,100,0
SCOI262,Plate_2-_E07,6/10/14-9,2014,10-Jun,Moxostoma anisurum,Moxostoma anisurum,367.4938125,EU524146,100,0
SCOI263,Plate_2-_F07,6/10/14-10,2014,10-Jun,Moxostoma anisurum,Moxostoma anisurum,367.4938125,EU524146,100,0
SCOI264,Plate_2-_G07,6/10/14-11,2014,10-Jun,Moxostoma anisurum,Moxostoma anisurum,367.4938125,EU524146,100,0
SCOI265,Plate_2-H07_,6/10/14-12,2014,10-Jun,Moxostoma anisurum,Moxostoma anisurum,367.4938125,EU524146,100,0
SCOI266,Plate_2-_A08,6/10/14-13,2014,10-Jun,Moxostoma anisurum,Moxostoma anisurum,367.4938125,EU524146,100,0
SCOI267,Plate_2-_B08,6/10/14-14,2014,10-Jun,Moxostoma anisurum,Moxostoma anisurum,367.4938125,EU524146,100,0
SCOI268,Plate_2-_C08,6/10/14-15,2014,10-Jun,Moxostoma anisurum,Moxostoma anisurum,367.4938125,EU524146,100,0
SCOI269,Plate_2-_D08,6/10/14-16,2014,10-Jun,Moxostoma anisurum,Moxostoma anisurum,367.4938125,EU524146,100,0
SCOI270,Plate_2-_E08,6/10/14-17,2014,10-Jun,Moxostoma anisurum,Moxostoma anisurum,367.4938125,EU524146,100,0
SCOI271,Plate_2-_F08,6/10/14-18,2014,10-Jun,Moxostoma anisurum,Moxostoma anisurum,367.4938125,EU524146,100,0
SCOI272,Plate_2-_G08,6/10/14-19,2014,10-Jun,Moxostoma anisurum,Moxostoma anisurum,367.4938125,EU524146,100,0
SCOI273,Plate_2-_H08_,6/10/14-20,2014,10-Jun,Moxostoma anisurum,Moxostoma anisurum,367.4938125,EU524146,100,0
SCOI274,Plate_2-_A09,6/10/14-21,2014,10-Jun,Moxostoma anisurum,Moxostoma anisurum,367.4938125,EU524146,100,0
SCOI275,Plate_2-_B09,6/11/14-1,2014,11-Jun,Moxostoma anisurum,Moxostoma anisurum,381.7906042,EU524146,100,0
SCOI276,Plate_2-_C09,6/11/14-2,2014,11-Jun,Moxostoma anisurum,Moxostoma anisurum,381.7906042,EU524146,100,0
SCOI277,Plate_2-_D09,6/11/14-3,2014,11-Jun,Moxostoma anisurum,Moxostoma anisurum,381.7906042,EU524146,100,0
SCOI278,Plate_2-_E09,6/11/14-4,2014,11-Jun,Moxostoma anisurum,Moxostoma anisurum,381.7906042,EU524146,100,0
SCOI279,Plate_2-_F09,6/11/14-5,2014,11-Jun,Moxostoma anisurum,Moxostoma anisurum,381.7906042,EU524146,100,0
SCOI280,Plate_2-_G09,6/11/14-6,2014,11-Jun,Moxostoma anisurum,Moxostoma anisurum,381.7906042,EU524146,100,0
SCOI281,Plate_2-H09_,6/11/14-7,2014,11-Jun,Moxostoma anisurum,Moxostoma anisurum,381.7906042,EU524146,100,0
SCOI282,Plate_2-_A10,6/11/14-8,2014,11-Jun,Moxostoma anisurum,Moxostoma anisurum,381.7906042,EU524146,100,0
SCOI283,Plate_2-_B10,6/11/14-9,2014,11-Jun,Moxostoma anisurum,Moxostoma anisurum,381.7906042,EU524146,100,0
SCOI284,Plate_2-_C10,6/11/14-10,2014,11-Jun,Moxostoma anisurum,Moxostoma anisurum,381.7906042,EU524146,100,0
SCOI285,Plate_2-_D10,6/11/14-11,2014,11-Jun,Moxostoma anisurum,Moxostoma anisurum,381.7906042,EU524146,100,0
SCOI286,Plate_2-_E10,6/11/14-12,2014,11-Jun,Moxostoma anisurum,Moxostoma anisurum,381.7906042,EU524146,100,0
SCOI287,Plate_2-_F10,6/11/14-13,2014,11-Jun,Moxostoma anisurum,Moxostoma anisurum,381.7906042,EU524146,100,0
SCOI288,Plate_2-_G10,6/11/14-14,2014,11-Jun,Moxostoma anisurum,Moxostoma anisurum,381.7906042,EU524146,100,0
SCOI289,Plate_2-H10_,6/11/14-15,2014,11-Jun,Moxostoma anisurum,Moxostoma anisurum,381.7906042,EU524146,100,0
SCOI290,Plate_2-_A11,6/11/14-16,2014,11-Jun,Moxostoma anisurum,Moxostoma anisurum,381.7906042,EU524146,100,0
SCOI291,Plate_2-_B11,6/11/14-17,2014,11-Jun,Moxostoma anisurum,Moxostoma anisurum,381.7906042,EU524146,100,0
SCOI293,Plate_2-_D11,6/12/14-2,2014,12-Jun,Moxostoma anisurum,Moxostoma anisurum,396.0340625,EU524146,100,0
SCOI294,Plate_2-_E11,6/12/14-3,2014,12-Jun,Moxostoma anisurum,Moxostoma anisurum,396.0340625,EU524146,100,0
SCOI295,Plate_2-_F11,6/12/14-4,2014,12-Jun,Moxostoma anisurum,Moxostoma anisurum,396.0340625,EU524146,100,0
SCOI296,Plate_2-_G11,6/12/14-5,2014,12-Jun,Moxostoma anisurum,Moxostoma anisurum,396.0340625,EU524146,100,0
SCOI297,Plate_2-_H11,6/13/14-1,2014,13-Jun,Moxostoma anisurum,Moxostoma anisurum,409.1295,EU524146,100,0
SCOI299,Plate_2-_B12,6/13/14-3,2014,13-Jun,Moxostoma anisurum,Moxostoma anisurum,409.1295,EU524146,100,0
SCOI394,2-C01,H1,2015,5-Jun,Moxostoma anisurum,Moxostoma anisurum,341.8935417,EU524146,100,0
SCOI395,2-D01,I1,2015,6-Jun,Moxostoma anisurum,Moxostoma anisurum,353.8530417,EU524146,100,0
SCOI396,2-E01,I2,2015,6-Jun,Moxostoma anisurum,Moxostoma anisurum,353.8530417,EU524146,100,0
SCOI397,2-F01,J1,2015,7-Jun,Moxostoma anisurum,Moxostoma anisurum,365.1905417,EU524146,100,0
SCOI398,2-G01,K1,2015,8-Jun,Moxostoma anisurum,Moxostoma anisurum,375.9922917,EU524146,100,0
SCOI399,2-H01,L1,2015,9-Jun,Moxostoma anisurum,Moxostoma anisurum,387.6389167,EU524146,100,0
SCOI400,2-A02,M1,2015,19-Jun,Moxostoma anisurum,Moxostoma anisurum,515.1539167,EU524146,100,0
SCOI465,1-H08,BLS-16-12-1,2016,31-May,Moxostoma anisurum,Moxostoma anisurum,288.4271667,EU524146,100,0
SCOI466,1-A09,BLS-16-13-1,2016,1-Jun,Moxostoma anisurum,Moxostoma anisurum,303.7784167,EU524146,100,0
SCOI468,1-C09,BLS-16-14-2,2016,2-Jun,Moxostoma anisurum,Moxostoma anisurum,317.8074167,EU524146,100,0
SCOI469,1-D09,BLS-16-15-1,2016,3-Jun,Moxostoma anisurum,Moxostoma anisurum,332.1142917,EU524146,100,0
SCOI470,1-E09,BLS-16-15-2,2016,3-Jun,Moxostoma anisurum,Moxostoma anisurum,332.1142917,EU524146,100,0
SCOI471,1-F09,BLS-16-15-3,2016,3-Jun,Moxostoma anisurum,Moxostoma anisurum,332.1142917,EU524146,100,0
SCOI472,1-G09,BLS-16-15-4,2016,3-Jun,Moxostoma anisurum,Moxostoma anisurum,332.1142917,EU524146,100,0
SCOI473,1-H09,BLS-16-15-5,2016,3-Jun,Moxostoma anisurum,Moxostoma anisurum,332.1142917,EU524146,100,0
SCOI474,1-A10,BLS-16-15-6,2016,3-Jun,Moxostoma anisurum,Moxostoma anisurum,332.1142917,EU524146,100,0
SCOI475,1-B10,BLS-16-15-7,2016,3-Jun,Moxostoma anisurum,Moxostoma anisurum,332.1142917,EU524146,100,0
SCOI476,1-C10,BLS-16-15-8,2016,3-Jun,Moxostoma anisurum,Moxostoma anisurum,332.1142917,EU524146,100,0
SCOI477,1-D10,BLS-16-15-9,2016,3-Jun,Moxostoma anisurum,Moxostoma anisurum,332.1142917,EU524146,100,0
SCOI478,1-E10,BLS-16-15-10,2016,3-Jun,Moxostoma anisurum,Moxostoma anisurum,332.1142917,EU524146,100,0
SCOI479,1-F10,BLS-16-16-1,2016,4-Jun,Moxostoma anisurum,Moxostoma anisurum,347.04525,EU524146,100,0
SCOI480,1-G10,BLS-16-16-4,2016,4-Jun,Moxostoma anisurum,Moxostoma anisurum,347.04525,EU524146,100,0
SCOI481,1-H10,BLS-16-16-5,2016,4-Jun,Moxostoma anisurum,Moxostoma anisurum,347.04525,EU524146,100,0
SCOI482,1-A11,BLS-16-17-1,2016,5-Jun,Moxostoma anisurum,Moxostoma anisurum,360.7215,EU524146,100,0
SCOI483,1-B11,BLS-16-17-2,2016,5-Jun,Moxostoma anisurum,Moxostoma anisurum,360.7215,EU524146,100,0
SCOI484,1-C11,BLS-16-17-3,2016,5-Jun,Moxostoma anisurum,Moxostoma anisurum,360.7215,EU524146,100,0
SCOI485,1-D11,BLS-16-18-1,2016,6-Jun,Moxostoma anisurum,Moxostoma anisurum,373.41075,EU524146,100,0
SCOI486,1-E11,BLS-16-18-2,2016,6-Jun,Moxostoma anisurum,Moxostoma anisurum,373.41075,EU524146,100,0
SCOI487,1-F11,BLS-16-19-1,2016,7-Jun,Moxostoma anisurum,Moxostoma anisurum,385.3745833,EU524146,100,0
SCOI488,1-G11,BLS-16-20-1,2016,8-Jun,Moxostoma anisurum,Moxostoma anisurum,396.374875,EU524146,100,0
SCOI489,1-H11,BLS-16-21-1,2016,9-Jun,Moxostoma anisurum,Moxostoma anisurum,407.6010833,EU524146,100,0
SCOI490,1-A12,BLS-16-24-1,2016,13-Jun,Moxostoma anisurum,Moxostoma anisurum,460.4625,EU524146,100,0
SCOI491,1-B12,BLS-16-28-1,2016,17-Jun,Moxostoma anisurum,Moxostoma anisurum,515.358875,EU524146,100,0
SCOI492,1-C12,BLS-16-31-1,2016,20-Jun,Moxostoma anisurum,Moxostoma anisurum,562.2466667,EU524146,100,0
SCOI493,1-D12,BLS-16-33-1,2016,22-Jun,Moxostoma anisurum,Moxostoma anisurum,595.18725,EU524146,100,0
SCOI494,1-E12,BLS-16-34-1,2016,23-Jun,Moxostoma anisurum,Moxostoma anisurum,611.5742083,EU524146,100,0
SCOI495,1-F12,BLS-16-35-1,2016,24-Jun,Moxostoma anisurum,Moxostoma anisurum,627.8175,EU524146,100,0
SCOI496,2-G07,BLS-16-36-1,2016,25-Jun,Moxostoma anisurum,Moxostoma anisurum,644.8844167,EU524146,100,0
SCOI497,2-H07,BLS-16-37-1,2016,26-Jun,Moxostoma anisurum,Moxostoma anisurum,662.1127083,EU524146,100,0
SCOI498,2-A08,BLS-16-38-1,2016,27-Jun,Moxostoma anisurum,Moxostoma anisurum,678.7821667,EU524146,100,0
SCOI499,2-B08,BLS-16-39-1,2016,29-Jun,Moxostoma anisurum,Moxostoma anisurum,710.918,EU524146,100,0
SCOI500,2-C08,BLS-16-40-1,2016,1-Jul,Moxostoma anisurum,Moxostoma anisurum,742.277208,EU524146,100,0
SCOI542,1-B06,6/02/17-_1,2017,2-Jun,Moxostoma anisurum,Moxostoma anisurum,295.8699583,KX145486.1,100,0
SCOI544,1-D06,6/04/17-_1,2017,4-Jun,Moxostoma anisurum,Moxostoma anisurum,318.8534583,KX145486.1,100,0
SCOI546,1-F06,6/06/17-_1,2017,6-Jun,Moxostoma anisurum,Moxostoma anisurum,343.8990417,KX145486.1,100,0
SCOI547,1-G06,6/07/17-_1,2017,7-Jun,Moxostoma anisurum,Moxostoma anisurum,358.01975,KX145486.1,100,0
SCOI548,1-H06,6/08/17-_1,2017,8-Jun,Moxostoma anisurum,Moxostoma anisurum,372.696125,KX145486.1,100,0
SCOI549,1-A07,6/08/17-_2,2017,8-Jun,Moxostoma anisurum,Moxostoma anisurum,372.696125,KX145486.1,100,0
SCOI550,1-B07,6/08/17-_3,2017,8-Jun,Moxostoma anisurum,Moxostoma anisurum,372.696125,KX145486.1,100,0
SCOI551,1-C07,6/08/17-_4,2017,8-Jun,Moxostoma anisurum,Moxostoma anisurum,372.696125,KX145486.1,100,0
SCOI552,1-D07,6/08/17-_5,2017,8-Jun,Moxostoma anisurum,Moxostoma anisurum,372.696125,KX145486.1,100,0
SCOI553,1-E07,6/08/17-_6,2017,8-Jun,Moxostoma anisurum,Moxostoma anisurum,372.696125,KX145486.1,100,0
SCOI554,1-F07,6/08/17-_7,2017,8-Jun,Moxostoma anisurum,Moxostoma anisurum,372.696125,KX145486.1,100,0
SCOI555,1-G07,6/09/17-_1,2017,9-Jun,Moxostoma anisurum,Moxostoma anisurum,387.9522083,KX145486.1,100,0
SCOI556,1-H07,6/09/17-_2,2017,9-Jun,Moxostoma anisurum,Moxostoma anisurum,387.9522083,KX145486.1,100,0
SCOI557,1-A08,6/09/17-_3,2017,9-Jun,Moxostoma anisurum,Moxostoma anisurum,387.9522083,KX145486.1,100,0
SCOI558,1-B08,6/09/17-_4,2017,9-Jun,Moxostoma anisurum,Moxostoma anisurum,387.9522083,KX145486.1,100,0
SCOI559,1-C08,6/09/17-_5,2017,9-Jun,Moxostoma anisurum,Moxostoma anisurum,387.9522083,KX145486.1,99,0
SCOI560,1-D08,6/09/17-_6,2017,9-Jun,Moxostoma anisurum,Moxostoma anisurum,387.9522083,KX145486.1,100,0
SCOI561,1-E08,6/09/17-_7,2017,9-Jun,Moxostoma anisurum,Moxostoma anisurum,387.9522083,KX145486.1,100,0
SCOI562,1-F08,6/09/17-_8,2017,9-Jun,Moxostoma anisurum,Moxostoma anisurum,387.9522083,KX145486.1,100,0
SCOI563,1-G08,6/09/17-_9,2017,9-Jun,Moxostoma anisurum,Moxostoma anisurum,387.9522083,KX145486.1,100,0
SCOI564,1-H08,6/09/17-_10,2017,9-Jun,Moxostoma anisurum,Moxostoma anisurum,387.9522083,KX145486.1,100,0
SCOI565,1-A09,6/10/17-_1,2017,10-Jun,Moxostoma anisurum,Moxostoma anisurum,403.853625,KX145486.1,100,0
SCOI566,1-B09,6/10/17-_2,2017,10-Jun,Moxostoma anisurum,Moxostoma anisurum,403.853625,KX145486.1,100,0
SCOI567,1-C09,6/10/17-_3,2017,10-Jun,Moxostoma anisurum,Moxostoma anisurum,403.853625,KX145486.1,100,0
SCOI568,1-D09,6/10/17-_4,2017,10-Jun,Moxostoma anisurum,Moxostoma anisurum,403.853625,KX145486.1,100,0
SCOI569,1-E09,6/10/17-_5,2017,10-Jun,Moxostoma anisurum,Moxostoma anisurum,403.853625,KX145486.1,100,0
SCOI570,1-F09,6/10/17-_6,2017,10-Jun,Moxostoma anisurum,Moxostoma anisurum,403.853625,KX145486.1,100,0
SCOI571,1-G09,6/10/17-_7,2017,10-Jun,Moxostoma anisurum,Moxostoma anisurum,403.853625,KX145486.1,100,0
SCOI572,1-H09,6/10/17-_8,2017,10-Jun,Moxostoma anisurum,Moxostoma anisurum,403.853625,KX145486.1,100,0
SCOI573,1-A10,6/10/17-_9,2017,10-Jun,Moxostoma anisurum,Moxostoma anisurum,403.853625,KX145486.1,100,0
SCOI574,1-B10,6/10/17-_10,2017,10-Jun,Moxostoma anisurum,Moxostoma anisurum,403.853625,KX145486.1,100,0
SCOI575,1-C10,6/10/17-_11,2017,10-Jun,Moxostoma anisurum,Moxostoma anisurum,403.853625,KX145486.1,100,0
SCOI576,1-D10,6/10/17-_12,2017,10-Jun,Moxostoma anisurum,Moxostoma anisurum,403.853625,KX145486.1,100,0
SCOI578,1-F10,6/10/17-_14,2017,10-Jun,Moxostoma anisurum,Moxostoma anisurum,403.853625,KX145486.1,99,0
SCOI579,1-G10,6/10/17-_15,2017,10-Jun,Moxostoma anisurum,Moxostoma anisurum,403.853625,KX145486.1,100,0
SCOI580,1-H10,6/10/17-_16,2017,10-Jun,Moxostoma anisurum,Moxostoma anisurum,403.853625,KX145486.1,100,0
SCOI581,1-A11,6/10/17-_17,2017,10-Jun,Moxostoma anisurum,Moxostoma anisurum,403.853625,KX145486.1,100,0
SCOI582,1-B11,6/10/17-_18,2017,10-Jun,Moxostoma anisurum,Moxostoma anisurum,403.853625,KX145486.1,100,0
SCOI583,1-C11,6/10/17-_19,2017,10-Jun,Moxostoma anisurum,Moxostoma anisurum,403.853625,KX145486.1,99,0
SCOI584,1-D11,6/10/17-_20,2017,10-Jun,Moxostoma anisurum,Moxostoma anisurum,403.853625,KX145486.1,100,0
SCOI585,1-E11,6/10/17-_21,2017,10-Jun,Moxostoma anisurum,Moxostoma anisurum,403.853625,KX145486.1,100,0
SCOI586,1-F11,6/10/17-_22,2017,10-Jun,Moxostoma anisurum,Moxostoma anisurum,403.853625,KX145486.1,100,0
SCOI587,1-G11,6/11/17-_1,2017,11-Jun,Moxostoma anisurum,Moxostoma anisurum,419.7421667,KX145486.1,100,0
SCOI588,1-H11,6/11/17-_2,2017,11-Jun,Moxostoma anisurum,Moxostoma anisurum,419.7421667,KX145486.1,100,0
SCOI589,1-A01,6/11/17-_3,2017,11-Jun,Moxostoma anisurum,Moxostoma anisurum,419.7421667,KX145486.1,100,0
SCOI590,1-B01,6/11/17-_4,2017,11-Jun,Moxostoma anisurum,Moxostoma anisurum,419.7421667,KX145486.1,100,0
SCOI591,1-C01,6/11/17-_5,2017,11-Jun,Moxostoma anisurum,Moxostoma anisurum,419.7421667,KX145486.1,100,0
SCOI592,1-D01,6/11/17-_6,2017,11-Jun,Moxostoma anisurum,Moxostoma anisurum,419.7421667,KX145486.1,100,0
SCOI593,1-E01,6/12/17-_1,2017,12-Jun,Moxostoma anisurum,Moxostoma anisurum,435.8895,KX145486.1,100,0
SCOI595,1-G01,6/12/17-_3,2017,12-Jun,Moxostoma anisurum,Moxostoma anisurum,435.8895,KX145486.1,100,0
SCOI596,1-H01,6/12/17-_4,2017,12-Jun,Moxostoma anisurum,Moxostoma anisurum,435.8895,KX145486.1,100,0
SCOI600,1-D02,6/14/17-_2,2017,14-Jun,Moxostoma anisurum,Moxostoma anisurum,470.6457083,KX145486.1,100,0
SCOI601,1-E02,6/15/17-_1,2017,15-Jun,Moxostoma anisurum,Moxostoma anisurum,487.74625,KX145486.1,100,0
SCOI603,1-G02,6/15/17-_3,2017,15-Jun,Moxostoma anisurum,Moxostoma anisurum,487.74625,KX145486.1,100,0
SCOI604,1-H02,6/15/17-_4,2017,15-Jun,Moxostoma anisurum,Moxostoma anisurum,487.74625,KX145486.1,100,0
SCOI606,1-B03,6/17/17-_1,2017,17-Jun,Moxostoma anisurum,Moxostoma anisurum,522.3924167,KX145486.1,100,0
SCOI646,1-F05,38,2018,30-May,Moxostoma anisurum,Moxostoma anisurum,256.4097917,KX145486,100,0
SCOI647,1-G05,39,2018,31-May,Moxostoma anisurum,Moxostoma anisurum,273.382375,KX145486,100,0
SCOI648,1-H05,40,2018,1-Jun,Moxostoma anisurum,Moxostoma anisurum,289.254875,KX145486,100,0
SCOI649,1-A06,41,2018,4-Jun,Moxostoma anisurum,Moxostoma anisurum,329.1552083,KX145486,100,0
SCOI650,1-B06,42,2018,4-Jun,Moxostoma anisurum,Moxostoma anisurum,329.1552083,KX145486,100,0
SCOI651,1-C06,43,2018,4-Jun,Moxostoma anisurum,Moxostoma anisurum,329.1552083,KX145486,100,0
SCOI652,1-D06,44,2018,4-Jun,Moxostoma anisurum,Moxostoma anisurum,329.1552083,KX145486,100,0
SCOI653,1-E06,45,2018,4-Jun,Moxostoma anisurum,Moxostoma anisurum,329.1552083,KX145486,100,0
SCOI654,1-F06,46,2018,4-Jun,Moxostoma anisurum,Moxostoma anisurum,329.1552083,KX145486,100,0
SCOI655,1-G06,47,2018,4-Jun,Moxostoma anisurum,Moxostoma anisurum,329.1552083,KX145486,100,0
SCOI656,1-H06,48,2018,4-Jun,Moxostoma anisurum,Moxostoma anisurum,329.1552083,KX145486,100,0
SCOI657,1-A07,49,2018,4-Jun,Moxostoma anisurum,Moxostoma anisurum,329.1552083,KX145486,100,0
SCOI658,1-B07,50,2018,4-Jun,Moxostoma anisurum,Moxostoma anisurum,329.1552083,KX145486,100,0
SCOI659,1-C07,51,2018,5-Jun,Moxostoma anisurum,Moxostoma anisurum,340.23475,KX145486,100,0
SCOI660,1-D07,52,2018,5-Jun,Moxostoma anisurum,Moxostoma anisurum,340.23475,KX145486,100,0
SCOI661,1-E07,53,2018,5-Jun,Moxostoma anisurum,Moxostoma anisurum,340.23475,KX145486,100,0
SCOI662,1-F07,54,2018,5-Jun,Moxostoma anisurum,Moxostoma anisurum,340.23475,KX145486,100,0
SCOI663,1-G07,55,2018,5-Jun,Moxostoma anisurum,Moxostoma anisurum,340.23475,KX145486,100,0
SCOI664,1-H07,56,2018,5-Jun,Moxostoma anisurum,Moxostoma anisurum,340.23475,KX145486,100,0
SCOI665,1-A08,57,2018,5-Jun,Moxostoma anisurum,Moxostoma anisurum,340.23475,KX145486,100,0
SCOI666,1-B08,58,2018,6-Jun,Moxostoma anisurum,Moxostoma anisurum,351.1237917,KX145486,100,0
SCOI667,1-C08,59,2018,6-Jun,Moxostoma anisurum,Moxostoma anisurum,351.1237917,KX145486,100,0
SCOI668,1-D08,60,2018,6-Jun,Moxostoma anisurum,Moxostoma anisurum,351.1237917,KX145486,100,0
SCOI669,1-E08,61,2018,6-Jun,Moxostoma anisurum,Moxostoma anisurum,351.1237917,KX145486,100,0
SCOI671,1-G08,63,2018,6-Jun,Moxostoma anisurum,Moxostoma anisurum,351.1237917,KX145486,100,0
SCOI672,1-H08,64,2018,6-Jun,Moxostoma anisurum,Moxostoma anisurum,351.1237917,KX145486,100,0
SCOI674,1-B09,66,2018,6-Jun,Moxostoma anisurum,Moxostoma anisurum,351.1237917,KX145486,100,0
SCOI675,1-C09,67,2018,6-Jun,Moxostoma anisurum,Moxostoma anisurum,351.1237917,KX145486,100,0
SCOI676,1-D09,68,2018,7-Jun,Moxostoma anisurum,Moxostoma anisurum,362.3857917,KX145486,100,0
SCOI677,1-E09,69,2018,7-Jun,Moxostoma anisurum,Moxostoma anisurum,362.3857917,KX145486,100,0
SCOI678,1-F09,70,2018,7-Jun,Moxostoma anisurum,Moxostoma anisurum,362.3857917,KX145486,100,0
SCOI679,1-G09,71,2018,7-Jun,Moxostoma anisurum,Moxostoma anisurum,362.3857917,KX145486,100,0
SCOI681,1-A10,73,2018,8-Jun,Moxostoma anisurum,Moxostoma anisurum,374.8808333,KX145486,100,0
SCOI683,1-C10,75,2018,9-Jun,Moxostoma anisurum,Moxostoma anisurum,388.54975,KX145486,100,0
SCOI684,1-D10,76,2018,10-Jun,Moxostoma anisurum,Moxostoma anisurum,402.3215,KX145486,100,0
SCOI685,1-E10,77,2018,10-Jun,Moxostoma anisurum,Moxostoma anisurum,402.3215,KX145486,100,0
SCOI686,1-F10,78,2018,11-Jun,Moxostoma anisurum,Moxostoma anisurum,416.44275,KX145486,100,0
SCOI688,1-H10,80,2018,11-Jun,Moxostoma anisurum,Moxostoma anisurum,416.44275,KX145486,100,0
SCOI689,1-A11,81,2018,11-Jun,Moxostoma anisurum,Moxostoma anisurum,416.44275,KX145486,100,0
SCOI690,1-B11,82,2018,11-Jun,Moxostoma anisurum,Moxostoma anisurum,416.44275,KX145486,100,0
SCOI691,1-C11,83,2018,11-Jun,Moxostoma anisurum,Moxostoma anisurum,416.44275,KX145486,100,0
SCOI696,1-H11,88,2018,13-Jun,Moxostoma anisurum,Moxostoma anisurum,444.938,KX145486,100,0
SCOI697,1-A12,89,2018,13-Jun,Moxostoma anisurum,Moxostoma anisurum,444.938,KX145486,100,0
SCOI698,1-B12,90,2018,14-Jun,Moxostoma anisurum,Moxostoma anisurum,459.622125,KX145486,100,0
SCOI699,1-C12,91,2018,15-Jun,Moxostoma anisurum,Moxostoma anisurum,475.2405833,KX145486,100,0
SCOI700,1-D12,92,2018,16-Jun,Moxostoma anisurum,Moxostoma anisurum,490.953625,KX145486,100,0
SCOI701,1-E12,93,2018,17-Jun,Moxostoma anisurum,Moxostoma anisurum,507.013625,KX145486,100,0
SCOI702,1-F12,94,2018,18-Jun,Moxostoma anisurum,Moxostoma anisurum,523.057,KX145486,100,0
SCOI703,1-G12,95,2018,22-Jun,Moxostoma anisurum,Moxostoma anisurum,588.4652083,KX145486,100,0
SCOI146,KTS-451,5/30/13-27,2013,30-May,Semotilus atromaculatus,Other,255.5989583,HQ557731,100,0
SCOI147,KTS-452,5/31/13-32,2013,31-May,Rhinichthys cataractae,Other,268.01475,EU525122,100,0
SCOI200,Plate_1-_D11,6/24/13-23,2013,24-Jun,Moxostoma valenciennesi,Other,579.57075,EU524908,100,0
SCOI292,Plate_2-_C11,6/12/14-1,2014,12-Jun,Moxostoma valenciennesi,Other,396.0340625,EU524908,99,0
SCOI298,Plate_2-_A12,6/13/14-2,2014,13-Jun,Moxostoma valenciennesi,Other,409.1295,EU524908,99,0
SCOI607,1-C03,6/18/17-_1,2017,18-Jun,Micropterus dolomieu,Other,539.593375,KX145588.1,100,0
SCOI610,1-B01,2,2018,24-May,Acipenser fulvescens,Other,159.1829167,_KX145447,100,0
SCOI613,1-E01,5,2018,24-May,Acipenser fulvescens,Other,159.1829167,_KX145447,100,0
SCOI622,1-F02,14,2018,24-May,Acipenser fulvescens,Other,159.1829167,_KX145447,100,0
SCOI623,1-G02,15,2018,25-May,Acipenser fulvescens,Other,172.561625,_KX145447,100,0
SCOI625,1-A03,17,2018,25-May,Acipenser fulvescens,Other,172.561625,_KX145447,100,0
SCOI628,1-D03,20,2018,25-May,Acipenser fulvescens,Other,172.561625,_KX145447,100,0
SCOI632,1-H03,24,2018,26-May,Acipenser fulvescens,Other,188.021125,_KX145447,100,0
